id_produto;data_inicio;data_fim;preco;motivo_alteracao
1001;2024-10-01;2024-12-31;29,9;preco_inicial
1001;2025-01-01;2025-06-30;30,9;reajuste_custo
1001;2025-07-01;2025-12-31;31,9;reajuste_custo
1001;2026-01-01;2026-06-30;32,9;reajuste_custo
1001;2026-07-01;;33,9;reajuste_custo
1002;2024-10-01;2025-03-31;50,9;preco_inicial
1002;2025-04-01;2025-09-30;52,9;reajuste_custo
1002;2025-10-01;2026-06-30;54,9;reajuste_custo
1002;2026-07-01;;56,9;reajuste_custo
1003;2024-10-01;2024-12-31;32,9;preco_inicial
1003;2025-01-01;2025-06-30;33,9;reajuste_custo
1003;2025-07-01;2025-12-31;34,9;reajuste_custo
1003;2026-01-01;2026-06-30;35,9;reajuste_custo
1003;2026-07-01;;36,9;reajuste_custo
1004;2024-10-01;2025-03-31;109,9;preco_inicial
1004;2025-04-01;2025-09-30;113,9;reajuste_custo
1004;2025-10-01;2026-03-31;116,9;reajuste_custo
1004;2026-04-01;;120,9;reajuste_custo
1005;2024-10-01;2024-12-31;78,9;preco_inicial
1005;2025-01-01;2025-06-30;80,9;reajuste_custo
1005;2025-07-01;2025-12-31;82,9;reajuste_custo
1005;2026-01-01;2026-06-30;85,9;reajuste_custo
1005;2026-07-01;;87,9;reajuste_custo
1006;2024-10-01;2024-12-31;47,9;preco_inicial
1006;2025-01-01;2025-03-31;48,9;reajuste_custo
1006;2025-04-01;2025-06-30;49,9;reajuste_custo
1006;2025-07-01;2026-03-31;50,9;reajuste_custo
1006;2026-04-01;;52,9;reajuste_custo
1007;2024-10-01;2025-03-31;70,9;preco_inicial
1007;2025-04-01;2025-09-30;73,9;reajuste_custo
1007;2025-10-01;2026-03-31;75,9;reajuste_custo
1007;2026-04-01;;77,9;reajuste_custo
1008;2024-10-01;2024-12-31;80,9;preco_inicial
1008;2025-01-01;2025-06-30;82,9;reajuste_custo
1008;2025-07-01;2025-12-31;84,9;reajuste_custo
1008;2026-01-01;2026-06-30;87,9;reajuste_custo
1008;2026-07-01;;89,9;reajuste_custo
1009;2024-10-01;2024-12-31;35,9;preco_inicial
1009;2025-01-01;2025-06-30;36,9;reajuste_custo
1009;2025-07-01;2025-09-30;37,9;reajuste_custo
1009;2025-10-01;2026-03-31;38,9;reajuste_custo
1009;2026-04-01;;39,9;reajuste_custo
1010;2024-10-01;2025-03-31;60,9;preco_inicial
1010;2025-04-01;2025-09-30;62,9;reajuste_custo
1010;2025-10-01;2026-03-31;64,9;reajuste_custo
1010;2026-04-01;;66,9;reajuste_custo
1011;2024-10-01;2024-12-31;43,9;preco_inicial
1011;2025-01-01;2025-03-31;44,9;reajuste_custo
1011;2025-04-01;2025-09-30;45,9;reajuste_custo
1011;2025-10-01;2025-12-31;46,9;reajuste_custo
1011;2026-01-01;2026-03-31;47,9;reajuste_custo
1011;2026-04-01;;48,9;reajuste_custo
1012;2024-10-01;2024-12-31;41,9;preco_inicial
1012;2025-01-01;2025-03-31;42,9;reajuste_custo
1012;2025-04-01;2025-09-30;43,9;reajuste_custo
1012;2025-10-01;2025-12-31;44,9;reajuste_custo
1012;2026-01-01;2026-06-30;45,9;reajuste_custo
1012;2026-07-01;;46,9;reajuste_custo
1013;2024-10-01;2024-12-31;39,9;preco_inicial
1013;2025-01-01;2025-03-31;40,9;reajuste_custo
1013;2025-04-01;2025-09-30;41,9;reajuste_custo
1013;2025-10-01;2025-12-31;42,9;reajuste_custo
1013;2026-01-01;2026-06-30;43,9;reajuste_custo
1013;2026-07-01;;44,9;reajuste_custo
1014;2024-10-01;2024-12-31;78,9;preco_inicial
1014;2025-01-01;2025-05-31;80,9;reajuste_custo
1014;2025-06-01;2025-09-30;69,9;alinhamento_agressivo
1014;2025-10-01;2026-03-31;71,9;reajuste_custo
1014;2026-04-01;;73,9;reajuste_custo
1015;2024-10-01;2024-12-31;29,9;preco_inicial
1015;2025-01-01;2025-05-31;30,9;reajuste_custo
1015;2025-06-01;2025-12-31;26,9;alinhamento_agressivo
1015;2026-01-01;2026-06-30;27,9;reajuste_custo
1015;2026-07-01;;28,9;reajuste_custo
1016;2024-10-01;2024-12-31;30,9;preco_inicial
1016;2025-01-01;2025-05-31;31,9;reajuste_custo
1016;2025-06-01;2025-09-30;40,9;reposicionamento
1016;2025-10-01;2026-03-31;41,9;reajuste_custo
1016;2026-04-01;;42,9;reajuste_custo
1017;2024-10-01;2025-03-31;59,9;preco_inicial
1017;2025-04-01;2025-05-31;61,9;reajuste_custo
1017;2025-06-01;2025-09-30;77,9;reposicionamento
1017;2025-10-01;2026-03-31;79,9;reajuste_custo
1017;2026-04-01;2026-06-30;81,9;reajuste_custo
1017;2026-07-01;;83,9;reajuste_custo
1018;2024-10-01;2025-03-31;137,9;preco_inicial
1018;2025-04-01;2025-09-30;142,9;reajuste_custo
1018;2025-10-01;2026-03-31;146,9;reajuste_custo
1018;2026-04-01;;150,9;reajuste_custo
1019;2024-10-01;2025-03-31;71,9;preco_inicial
1019;2025-04-01;2025-09-30;74,9;reajuste_custo
1019;2025-10-01;2026-03-31;76,9;reajuste_custo
1019;2026-04-01;;78,9;reajuste_custo
1020;2024-10-01;2024-12-31;76,9;preco_inicial
1020;2025-01-01;2025-06-30;78,9;reajuste_custo
1020;2025-07-01;2025-12-31;80,9;reajuste_custo
1020;2026-01-01;2026-03-31;82,9;reajuste_custo
1020;2026-04-01;;84,9;reajuste_custo
1021;2024-10-01;2025-03-31;313,9;preco_inicial
1021;2025-04-01;2025-09-30;323,9;reajuste_custo
1021;2025-10-01;2026-03-31;333,9;reajuste_custo
1021;2026-04-01;;343,9;reajuste_custo
1022;2024-10-01;2024-12-31;36,9;preco_inicial
1022;2025-01-01;2025-03-31;37,9;reajuste_custo
1022;2025-04-01;2025-09-30;38,9;reajuste_custo
1022;2025-10-01;2026-03-31;39,9;reajuste_custo
1022;2026-04-01;;40,9;reajuste_custo
1023;2024-10-01;2024-12-31;39,9;preco_inicial
1023;2025-01-01;2025-03-31;40,9;reajuste_custo
1023;2025-04-01;2025-09-30;41,9;reajuste_custo
1023;2025-10-01;2025-12-31;42,9;reajuste_custo
1023;2026-01-01;2026-06-30;43,9;reajuste_custo
1023;2026-07-01;;44,9;reajuste_custo
1024;2024-10-01;2024-12-31;28,9;preco_inicial
1024;2025-01-01;2025-06-30;29,9;reajuste_custo
1024;2025-07-01;2025-12-31;30,9;reajuste_custo
1024;2026-01-01;2026-06-30;31,9;reajuste_custo
1024;2026-07-01;;32,9;reajuste_custo
1025;2024-10-01;2025-03-31;66,9;preco_inicial
1025;2025-04-01;2025-05-31;68,9;reajuste_custo
1025;2025-06-01;2025-12-31;87,9;reposicionamento
1025;2026-01-01;2026-06-30;90,9;reajuste_custo
1025;2026-07-01;;92,9;reajuste_custo
1026;2024-10-01;2024-12-31;24,9;preco_inicial
1026;2025-01-01;2025-06-30;25,9;reajuste_custo
1026;2025-07-01;2026-03-31;26,9;reajuste_custo
1026;2026-04-01;;27,9;reajuste_custo
1027;2024-10-01;2025-03-31;59,9;preco_inicial
1027;2025-04-01;2025-09-30;61,9;reajuste_custo
1027;2025-10-01;2026-03-31;63,9;reajuste_custo
1027;2026-04-01;;65,9;reajuste_custo
1028;2024-10-01;2024-12-31;25,9;preco_inicial
1028;2025-01-01;2025-05-31;26,9;reajuste_custo
1028;2025-06-01;2025-09-30;33,9;reposicionamento
1028;2025-10-01;2026-03-31;34,9;reajuste_custo
1028;2026-04-01;;35,9;reajuste_custo
1029;2024-10-01;2025-03-31;117,9;preco_inicial
1029;2025-04-01;2025-05-31;121,9;reajuste_custo
1029;2025-06-01;2025-12-31;153,9;reposicionamento
1029;2026-01-01;2026-06-30;158,9;reajuste_custo
1029;2026-07-01;;163,9;reajuste_custo
1030;2024-10-01;2025-03-31;124,9;preco_inicial
1030;2025-04-01;2025-09-30;128,9;reajuste_custo
1030;2025-10-01;2026-03-31;132,9;reajuste_custo
1030;2026-04-01;;136,9;reajuste_custo
1031;2024-10-01;2024-12-31;30,9;preco_inicial
1031;2025-01-01;2025-06-30;31,9;reajuste_custo
1031;2025-07-01;2025-12-31;32,9;reajuste_custo
1031;2026-01-01;2026-06-30;33,9;reajuste_custo
1031;2026-07-01;;34,9;reajuste_custo
1032;2024-10-01;2024-12-31;39,9;preco_inicial
1032;2025-01-01;2025-03-31;40,9;reajuste_custo
1032;2025-04-01;2025-09-30;41,9;reajuste_custo
1032;2025-10-01;2025-12-31;42,9;reajuste_custo
1032;2026-01-01;2026-06-30;43,9;reajuste_custo
1032;2026-07-01;;44,9;reajuste_custo
1033;2024-10-01;2024-12-31;47,9;preco_inicial
1033;2025-01-01;2025-03-31;48,9;reajuste_custo
1033;2025-04-01;2025-06-30;49,9;reajuste_custo
1033;2025-07-01;2026-03-31;50,9;reajuste_custo
1033;2026-04-01;;52,9;reajuste_custo
1034;2024-10-01;2025-03-31;155,9;preco_inicial
1034;2025-04-01;2025-09-30;160,9;reajuste_custo
1034;2025-10-01;2026-03-31;165,9;reajuste_custo
1034;2026-04-01;;170,9;reajuste_custo
1035;2024-10-01;2024-12-31;33,9;preco_inicial
1035;2025-01-01;2025-06-30;34,9;reajuste_custo
1035;2025-07-01;2025-12-31;35,9;reajuste_custo
1035;2026-01-01;2026-03-31;36,9;reajuste_custo
1035;2026-04-01;;37,9;reajuste_custo
1036;2024-10-01;2024-12-31;36,9;preco_inicial
1036;2025-01-01;2025-03-31;37,9;reajuste_custo
1036;2025-04-01;2025-09-30;38,9;reajuste_custo
1036;2025-10-01;2026-03-31;39,9;reajuste_custo
1036;2026-04-01;;40,9;reajuste_custo
1037;2024-10-01;2024-12-31;30,9;preco_inicial
1037;2025-01-01;2025-06-30;31,9;reajuste_custo
1037;2025-07-01;2025-12-31;32,9;reajuste_custo
1037;2026-01-01;2026-06-30;33,9;reajuste_custo
1037;2026-07-01;;34,9;reajuste_custo
1038;2024-10-01;2024-12-31;28,9;preco_inicial
1038;2025-01-01;2025-06-30;29,9;reajuste_custo
1038;2025-07-01;2025-12-31;30,9;reajuste_custo
1038;2026-01-01;2026-06-30;31,9;reajuste_custo
1038;2026-07-01;;32,9;reajuste_custo
1039;2024-10-01;2024-12-31;45,9;preco_inicial
1039;2025-01-01;2025-03-31;46,9;reajuste_custo
1039;2025-04-01;2025-06-30;47,9;reajuste_custo
1039;2025-07-01;2025-12-31;48,9;reajuste_custo
1039;2026-01-01;2026-03-31;49,9;reajuste_custo
1039;2026-04-01;;50,9;reajuste_custo
1040;2024-10-01;2025-03-31;65,9;preco_inicial
1040;2025-04-01;2025-09-30;67,9;reajuste_custo
1040;2025-10-01;2025-12-31;69,9;reajuste_custo
1040;2026-01-01;2026-06-30;71,9;reajuste_custo
1040;2026-07-01;;73,9;reajuste_custo
1041;2024-10-01;2025-03-31;205,9;preco_inicial
1041;2025-04-01;2025-09-30;212,9;reajuste_custo
1041;2025-10-01;2026-03-31;218,9;reajuste_custo
1041;2026-04-01;;225,9;reajuste_custo
1042;2024-10-01;2025-03-31;63,9;preco_inicial
1042;2025-04-01;2025-09-30;65,9;reajuste_custo
1042;2025-10-01;2026-03-31;67,9;reajuste_custo
1042;2026-04-01;;69,9;reajuste_custo
1043;2024-10-01;2025-03-31;53,9;preco_inicial
1043;2025-04-01;2025-09-30;55,9;reajuste_custo
1043;2025-10-01;2026-06-30;57,9;reajuste_custo
1043;2026-07-01;;59,9;reajuste_custo
1044;2024-10-01;2024-12-31;46,9;preco_inicial
1044;2025-01-01;2025-03-31;47,9;reajuste_custo
1044;2025-04-01;2025-06-30;48,9;reajuste_custo
1044;2025-07-01;2025-12-31;49,9;reajuste_custo
1044;2026-01-01;2026-06-30;50,9;reajuste_custo
1044;2026-07-01;;52,9;reajuste_custo
1045;2024-10-01;2024-12-31;22,9;preco_inicial
1045;2025-01-01;2025-09-30;23,9;reajuste_custo
1045;2025-10-01;2026-03-31;24,9;reajuste_custo
1045;2026-04-01;;25,9;reajuste_custo
1046;2024-10-01;2024-12-31;83,9;preco_inicial
1046;2025-01-01;2025-06-30;85,9;reajuste_custo
1046;2025-09-30;2025-07-01;87,9;reajuste_custo
1046;2025-10-01;2026-03-31;89,9;reajuste_custo
1046;2026-04-01;2026-06-30;91,9;reajuste_custo
1046;2026-07-01;;93,9;reajuste_custo
1047;2024-10-01;2024-12-31;44,9;preco_inicial
1047;2025-01-01;2025-03-31;45,9;reajuste_custo
1047;2025-04-01;2025-09-30;46,9;reajuste_custo
1047;2025-10-01;2025-12-31;47,9;reajuste_custo
1047;2026-01-01;2026-03-31;48,9;reajuste_custo
1047;2026-04-01;;49,9;reajuste_custo
1048;2024-10-01;2025-03-31;59,9;preco_inicial
1048;2025-04-01;2025-05-31;61,9;reajuste_custo
1048;2025-06-01;2025-09-30;77,9;reposicionamento
1048;2025-10-01;2026-03-31;79,9;reajuste_custo
1048;2026-04-01;2026-06-30;81,9;reajuste_custo
1048;2026-07-01;;83,9;reajuste_custo
1049;2024-10-01;2024-12-31;25,9;preco_inicial
1049;2025-01-01;2025-05-31;26,9;reajuste_custo
1049;2025-06-01;2025-09-30;33,9;reposicionamento
1049;2025-10-01;2026-03-31;34,9;reajuste_custo
1049;2026-04-01;;35,9;reajuste_custo
1050;2024-10-01;2024-12-31;24,9;preco_inicial
1050;2025-01-01;2025-06-30;25,9;reajuste_custo
1050;2025-07-01;2026-03-31;26,9;reajuste_custo
1050;2026-04-01;;27,9;reajuste_custo
1051;2024-10-01;2025-03-31;64,9;preco_inicial
1051;2025-04-01;2025-09-30;66,9;reajuste_custo
1051;2025-10-01;2026-03-31;68,9;reajuste_custo
1051;2026-04-01;2026-06-30;70,9;reajuste_custo
1051;2026-07-01;;72,9;reajuste_custo
1052;2024-10-01;2024-12-31;22,9;preco_inicial
1052;2025-01-01;2025-05-31;23,9;reajuste_custo
1052;2025-06-01;2026-03-31;20,9;alinhamento_agressivo
1052;2026-04-01;;21,9;reajuste_custo
1053;2024-10-01;2025-03-31;62,9;preco_inicial
1053;2025-04-01;2025-05-31;64,9;reajuste_custo
1053;2025-06-01;2025-09-30;81,9;reposicionamento
1053;2025-10-01;2026-03-31;83,9;reajuste_custo
1053;2026-04-01;;86,9;reajuste_custo
1054;2024-10-01;2024-12-31;90,9;preco_inicial
1054;2025-01-01;2025-06-30;92,9;reajuste_custo
1054;2025-07-01;2025-12-31;95,9;reajuste_custo
1054;2026-01-01;2026-03-31;97,9;reajuste_custo
1054;2026-04-01;;99,9;reajuste_custo
1055;2024-10-01;2024-12-31;88,9;preco_inicial
1055;2025-01-01;2025-06-30;90,9;reajuste_custo
1055;2025-07-01;2025-09-30;92,9;reajuste_custo
1055;2025-10-01;2026-03-31;94,9;reajuste_custo
1055;2026-04-01;;97,9;reajuste_custo
1056;2024-10-01;2024-12-31;41,9;preco_inicial
1056;2025-01-01;2025-03-31;42,9;reajuste_custo
1056;2025-04-01;2025-09-30;43,9;reajuste_custo
1056;2025-10-01;2025-12-31;44,9;reajuste_custo
1056;2026-01-01;2026-06-30;45,9;reajuste_custo
1056;2026-07-01;;46,9;reajuste_custo
1057;2024-10-01;2024-12-31;22,9;preco_inicial
1057;2025-01-01;2025-09-30;23,9;reajuste_custo
1057;2025-10-01;2026-03-31;24,9;reajuste_custo
1057;2026-04-01;;25,9;reajuste_custo
1058;2024-10-01;2024-12-31;13,9;preco_inicial
1058;2025-01-01;2026-03-31;14,9;reajuste_custo
1058;2026-04-01;;15,9;reajuste_custo
1059;2024-10-01;2025-03-31;60,9;preco_inicial
1059;2025-04-01;2025-09-30;62,9;reajuste_custo
1059;2025-10-01;2026-03-31;64,9;reajuste_custo
1059;2026-04-01;;66,9;reajuste_custo
1060;2024-10-01;2024-12-31;85,9;preco_inicial
1060;2025-01-01;2025-05-31;87,9;reajuste_custo
1060;2025-06-01;2025-09-30;111,9;reposicionamento
1060;2025-10-01;2026-03-31;114,9;reajuste_custo
1060;2026-04-01;;117,9;reajuste_custo
1061;2024-10-01;2024-12-31;22,9;preco_inicial
1061;2025-01-01;2025-09-30;23,9;reajuste_custo
1061;2025-10-01;2026-03-31;24,9;reajuste_custo
1061;2026-04-01;;25,9;reajuste_custo
1062;2024-10-01;2025-03-31;110,9;preco_inicial
1062;2025-04-01;2025-09-30;114,9;reajuste_custo
1062;2025-10-01;2026-03-31;117,9;reajuste_custo
1062;2026-04-01;;121,9;reajuste_custo
1063;2024-10-01;2024-12-31;34,9;preco_inicial
1063;2025-01-01;2025-05-31;35,9;reajuste_custo
1063;2025-06-01;2025-09-30;45,9;reposicionamento
1063;2025-10-01;2025-12-31;46,9;reajuste_custo
1063;2026-01-01;2026-06-30;47,9;reajuste_custo
1063;2026-07-01;;48,9;reajuste_custo
1064;2024-10-01;2025-03-31;63,9;preco_inicial
1064;2025-04-01;2025-09-30;65,9;reajuste_custo
1064;2025-10-01;2026-03-31;67,9;reajuste_custo
1064;2026-04-01;;69,9;reajuste_custo
1065;2024-10-01;2024-12-31;36,9;preco_inicial
1065;2025-01-01;2025-03-31;37,9;reajuste_custo
1065;2025-04-01;2025-05-31;38,9;reajuste_custo
1065;2025-06-01;2025-12-31;48,9;reposicionamento
1065;2026-01-01;2026-03-31;49,9;reajuste_custo
1065;2026-04-01;;50,9;reajuste_custo
1066;2024-10-01;2025-03-31;115,9;preco_inicial
1066;2025-04-01;2025-09-30;119,9;reajuste_custo
1066;2025-10-01;2026-03-31;123,9;reajuste_custo
1066;2026-04-01;;126,9;reajuste_custo
1067;2024-10-01;2025-03-31;50,9;preco_inicial
1067;2025-04-01;2025-09-30;52,9;reajuste_custo
1067;2025-10-01;2026-06-30;54,9;reajuste_custo
1067;2026-07-01;;56,9;reajuste_custo
1068;2024-10-01;2024-12-31;32,9;preco_inicial
1068;2025-01-01;2025-06-30;33,9;reajuste_custo
1068;2025-07-01;2025-12-31;34,9;reajuste_custo
1068;2026-01-01;2026-06-30;35,9;reajuste_custo
1068;2026-07-01;;36,9;reajuste_custo
1069;2024-10-01;2024-12-31;26,9;preco_inicial
1069;2025-01-01;2025-06-30;27,9;reajuste_custo
1069;2025-07-01;2026-03-31;28,9;reajuste_custo
1069;2026-04-01;;29,9;reajuste_custo
1070;2024-10-01;2024-12-31;40,9;preco_inicial
1070;2025-01-01;2025-03-31;41,9;reajuste_custo
1070;2025-04-01;2025-09-30;42,9;reajuste_custo
1070;2025-10-01;2025-12-31;43,9;reajuste_custo
1070;2026-01-01;2026-06-30;44,9;reajuste_custo
1070;2026-07-01;;45,9;reajuste_custo
1071;2024-10-01;2025-03-31;62,9;preco_inicial
1071;2025-04-01;2025-09-30;64,9;reajuste_custo
1071;2025-10-01;2026-03-31;66,9;reajuste_custo
1071;2026-04-01;;68,9;reajuste_custo
1072;2024-10-01;2024-12-31;45,9;preco_inicial
1072;2025-01-01;2025-03-31;46,9;reajuste_custo
1072;2025-04-01;2025-06-30;47,9;reajuste_custo
1072;2025-07-01;2025-12-31;48,9;reajuste_custo
1072;2026-01-01;2026-03-31;49,9;reajuste_custo
1072;2026-04-01;;50,9;reajuste_custo
1073;2024-10-01;2024-12-31;46,9;preco_inicial
1073;2025-01-01;2025-03-31;47,9;reajuste_custo
1073;2025-04-01;2025-06-30;48,9;reajuste_custo
1073;2025-07-01;2025-12-31;49,9;reajuste_custo
1073;2026-01-01;2026-06-30;50,9;reajuste_custo
1073;2026-07-01;;52,9;reajuste_custo
1074;2024-10-01;2024-12-31;23,9;preco_inicial
1074;2025-01-01;2025-09-30;24,9;reajuste_custo
1074;2025-10-01;2026-03-31;25,9;reajuste_custo
1074;2026-04-01;;26,9;reajuste_custo
1075;2024-10-01;2025-03-31;233,9;preco_inicial
1075;2025-04-01;2025-09-30;240,9;reajuste_custo
1075;2025-10-01;2026-03-31;248,9;reajuste_custo
1075;2026-04-01;;255,9;reajuste_custo
1076;2024-10-01;2025-03-31;277,9;preco_inicial
1076;2025-04-01;2025-05-31;286,9;reajuste_custo
1076;2025-06-01;2025-12-31;361,9;reposicionamento
1076;2026-01-01;2026-06-30;374,9;reajuste_custo
1076;2026-07-01;;439,9;reajuste_custo
1077;2024-10-01;2024-12-31;147,9;preco_inicial
1077;2025-01-01;2025-06-30;150,9;reajuste_custo
1077;2025-07-01;2025-12-31;154,9;reajuste_custo
1077;2026-01-01;2026-06-30;159,9;reajuste_custo
1077;2026-07-01;;187,9;reajuste_custo
1078;2024-10-01;2025-03-31;306,9;preco_inicial
1078;2025-04-01;2025-05-31;316,9;reajuste_custo
1078;2025-06-01;2025-09-30;399,9;reposicionamento
1078;2025-10-01;2026-06-30;407,9;reajuste_custo
1078;2026-07-01;;485,9;reajuste_custo
1079;2024-10-01;2025-03-31;113,9;preco_inicial
1079;2025-04-01;2025-09-30;117,9;reajuste_custo
1079;2025-10-01;2026-06-30;120,9;reajuste_custo
1079;2026-07-01;;144,9;reajuste_custo
1080;2024-10-01;2025-03-31;172,9;preco_inicial
1080;2025-04-01;2025-09-30;178,9;reajuste_custo
1080;2025-10-01;2026-06-30;183,9;reajuste_custo
1080;2026-07-01;;218,9;reajuste_custo
1081;2024-10-01;2025-03-31;443,9;preco_inicial
1081;2025-04-01;2025-09-30;457,9;reajuste_custo
1081;2025-10-01;2026-06-30;471,9;reajuste_custo
1081;2026-07-01;;561,9;reajuste_custo
1082;2024-10-01;2025-03-31;221,9;preco_inicial
1082;2025-04-01;2025-09-30;228,9;reajuste_custo
1082;2025-10-01;2026-06-30;235,9;reajuste_custo
1082;2026-07-01;;280,9;reajuste_custo
1083;2024-10-01;2025-03-31;274,9;preco_inicial
1083;2025-04-01;2025-09-30;283,9;reajuste_custo
1083;2025-10-01;2026-06-30;291,9;reajuste_custo
1083;2026-07-01;;347,9;reajuste_custo
1084;2024-10-01;2025-03-31;286,9;preco_inicial
1084;2025-04-01;2025-05-31;295,9;reajuste_custo
1084;2025-06-01;2025-12-31;373,9;reposicionamento
1084;2026-01-01;2026-06-30;386,9;reajuste_custo
1084;2026-07-01;;453,9;reajuste_custo
1085;2024-10-01;2025-03-31;670,9;preco_inicial
1085;2025-04-01;2025-05-31;691,9;reajuste_custo
1085;2025-06-01;2025-09-30;593,9;alinhamento_agressivo
1085;2025-10-01;2026-06-30;605,9;reajuste_custo
1085;2026-07-01;;721,9;reajuste_custo
1086;2024-10-01;2025-03-31;153,9;preco_inicial
1086;2025-04-01;2025-09-30;158,9;reajuste_custo
1086;2025-10-01;2026-06-30;163,9;reajuste_custo
1086;2026-07-01;;194,9;reajuste_custo
1087;2024-10-01;2025-03-31;136,9;preco_inicial
1087;2025-04-01;2025-09-30;141,9;reajuste_custo
1087;2025-10-01;2026-06-30;145,9;reajuste_custo
1087;2026-07-01;;173,9;reajuste_custo
1088;2024-10-01;2025-03-31;460,9;preco_inicial
1088;2025-04-01;2025-09-30;474,9;reajuste_custo
1088;2025-10-01;2026-06-30;489,9;reajuste_custo
1088;2026-07-01;;583,9;reajuste_custo
1089;2024-10-01;2025-03-31;196,9;preco_inicial
1089;2025-04-01;2025-09-30;202,9;reajuste_custo
1089;2025-10-01;2026-06-30;209,9;reajuste_custo
1089;2026-07-01;;249,9;reajuste_custo
1090;2024-10-01;2025-03-31;294,9;preco_inicial
1090;2025-04-01;2025-09-30;303,9;reajuste_custo
1090;2025-10-01;2026-06-30;313,9;reajuste_custo
1090;2026-07-01;;373,9;reajuste_custo
1091;2024-10-01;2025-03-31;210,9;preco_inicial
1091;2025-04-01;2025-09-30;217,9;reajuste_custo
1091;2025-10-01;2026-06-30;223,9;reajuste_custo
1091;2026-07-01;;266,9;reajuste_custo
1092;2024-10-01;2025-03-31;197,9;preco_inicial
1092;2025-04-01;2025-05-31;203,9;reajuste_custo
1092;2025-06-01;2025-12-31;257,9;reposicionamento
1092;2026-01-01;2026-06-30;266,9;reajuste_custo
1092;2026-07-01;;313,9;reajuste_custo
1093;2024-10-01;2025-03-31;194,9;preco_inicial
1093;2025-04-01;2025-09-30;200,9;reajuste_custo
1093;2025-10-01;2026-06-30;206,9;reajuste_custo
1093;2026-07-01;;246,9;reajuste_custo
1094;2024-10-01;2025-03-31;349,9;preco_inicial
1094;2025-04-01;2025-09-30;360,9;reajuste_custo
1094;2025-10-01;2026-06-30;371,9;reajuste_custo
1094;2026-07-01;;442,9;reajuste_custo
1095;2024-10-01;2025-03-31;363,9;preco_inicial
1095;2025-04-01;2025-09-30;374,9;reajuste_custo
1095;2025-10-01;2026-06-30;386,9;reajuste_custo
1095;2026-07-01;;460,9;reajuste_custo
1096;2024-10-01;2024-12-31;149,9;preco_inicial
1096;2025-01-01;2025-06-30;152,9;reajuste_custo
1096;2025-07-01;2025-12-31;156,9;reajuste_custo
1096;2026-01-01;2026-06-30;161,9;reajuste_custo
1096;2026-07-01;;189,9;reajuste_custo
1097;2024-10-01;2025-03-31;100,9;preco_inicial
1097;2025-04-01;2025-09-30;103,9;reajuste_custo
1097;2025-10-01;2026-06-30;107,9;reajuste_custo
1097;2026-07-01;;127,9;reajuste_custo
1098;2024-10-01;2025-03-31;361,9;preco_inicial
1098;2025-04-01;2025-09-30;372,9;reajuste_custo
1098;2025-10-01;2026-06-30;384,9;reajuste_custo
1098;2026-07-01;;458,9;reajuste_custo
1099;2024-10-01;2025-03-31;470,9;preco_inicial
1099;2025-04-01;2025-09-30;485,9;reajuste_custo
1099;2025-10-01;2026-06-30;499,9;reajuste_custo
1099;2026-07-01;;596,9;reajuste_custo
1100;2024-10-01;2025-03-31;472,9;preco_inicial
1100;2025-04-01;2025-09-30;487,9;reajuste_custo
1100;2025-10-01;2026-06-30;502,9;reajuste_custo
1100;2026-07-01;;598,9;reajuste_custo
1101;2024-10-01;2025-03-31;666,9;preco_inicial
1101;2025-04-01;2025-09-30;687,9;reajuste_custo
1101;2025-10-01;2026-06-30;708,9;reajuste_custo
1101;2026-07-01;;844,9;reajuste_custo
1102;2024-10-01;2025-03-31;162,9;preco_inicial
1102;2025-04-01;2025-09-30;167,9;reajuste_custo
1102;2025-10-01;2026-06-30;172,9;reajuste_custo
1102;2026-07-01;;206,9;reajuste_custo
1103;2024-10-01;2025-03-31;226,9;preco_inicial
1103;2025-04-01;2025-09-30;233,9;reajuste_custo
1103;2025-10-01;2026-06-30;240,9;reajuste_custo
1103;2026-07-01;;287,9;reajuste_custo
1104;2024-10-01;2025-03-31;253,9;preco_inicial
1104;2025-04-01;2025-09-30;261,9;reajuste_custo
1104;2025-10-01;2026-06-30;269,9;reajuste_custo
1104;2026-07-01;;321,9;reajuste_custo
1105;2024-10-01;2025-03-31;122,9;preco_inicial
1105;2025-04-01;2025-09-30;126,9;reajuste_custo
1105;2025-10-01;2026-06-30;130,9;reajuste_custo
1105;2026-07-01;;155,9;reajuste_custo
1106;2024-10-01;2025-03-31;64,9;preco_inicial
1106;2025-04-01;2025-09-30;66,9;reajuste_custo
1106;2025-10-01;2026-06-30;68,9;reajuste_custo
1106;2026-07-01;;82,9;reajuste_custo
1107;2024-10-01;2024-12-31;146,9;preco_inicial
1107;2025-01-01;2025-06-30;149,9;reajuste_custo
1107;2025-07-01;2025-12-31;153,9;reajuste_custo
1107;2026-01-01;2026-06-30;158,9;reajuste_custo
1107;2026-07-01;;185,9;reajuste_custo
1108;2024-10-01;2025-03-31;466,9;preco_inicial
1108;2025-04-01;2025-09-30;481,9;reajuste_custo
1108;2025-10-01;2026-06-30;495,9;reajuste_custo
1108;2026-07-01;;591,9;reajuste_custo
1109;2024-10-01;2024-12-31;91,9;preco_inicial
1109;2025-01-01;2025-06-30;93,9;reajuste_custo
1109;2025-07-01;2025-12-31;96,9;reajuste_custo
1109;2026-01-01;2026-06-30;99,9;reajuste_custo
1109;2026-07-01;;116,9;reajuste_custo
1110;2024-10-01;2025-03-31;275,9;preco_inicial
1110;2025-04-01;2025-09-30;284,9;reajuste_custo
1110;2025-10-01;2026-06-30;292,9;reajuste_custo
1110;2026-07-01;;349,9;reajuste_custo
1111;2024-10-01;2025-03-31;484,9;preco_inicial
1111;2025-04-01;2025-09-30;499,9;reajuste_custo
1111;2025-10-01;2026-06-30;514,9;reajuste_custo
1111;2026-07-01;;613,9;reajuste_custo
1112;2024-10-01;2025-03-31;307,9;preco_inicial
1112;2025-04-01;2025-09-30;317,9;reajuste_custo
1112;2025-10-01;2026-06-30;326,9;reajuste_custo
1112;2026-07-01;;389,9;reajuste_custo
1113;2024-10-01;2025-03-31;640,9;preco_inicial
1113;2025-04-01;2025-05-31;660,9;reajuste_custo
1113;2025-06-01;2025-09-30;566,9;alinhamento_agressivo
1113;2025-10-01;2026-06-30;578,9;reajuste_custo
1113;2026-07-01;;689,9;reajuste_custo
1114;2024-10-01;2025-03-31;267,9;preco_inicial
1114;2025-04-01;2025-09-30;276,9;reajuste_custo
1114;2025-10-01;2026-06-30;284,9;reajuste_custo
1114;2026-07-01;;339,9;reajuste_custo
1115;2024-10-01;2025-03-31;324,9;preco_inicial
1115;2025-04-01;2025-09-30;334,9;reajuste_custo
1115;2025-10-01;2026-06-30;344,9;reajuste_custo
1115;2026-07-01;;411,9;reajuste_custo
1116;2024-10-01;2025-03-31;388,9;preco_inicial
1116;2025-04-01;2025-09-30;400,9;reajuste_custo
1116;2025-10-01;2026-06-30;412,9;reajuste_custo
1116;2026-07-01;;492,9;reajuste_custo
1117;2024-10-01;2025-03-31;271,9;preco_inicial
1117;2025-04-01;2025-09-30;280,9;reajuste_custo
1117;2025-10-01;2026-06-30;288,9;reajuste_custo
1117;2026-07-01;;344,9;reajuste_custo
1118;2024-10-01;2025-03-31;239,9;preco_inicial
1118;2025-04-01;2025-09-30;247,9;reajuste_custo
1118;2025-10-01;2026-06-30;254,9;reajuste_custo
1118;2026-07-01;;303,9;reajuste_custo
1119;2024-10-01;2025-03-31;198,9;preco_inicial
1119;2025-04-01;2025-09-30;204,9;reajuste_custo
1119;2025-10-01;2026-06-30;211,9;reajuste_custo
1119;2026-07-01;;251,9;reajuste_custo
1120;2024-10-01;2025-03-31;227,9;preco_inicial
1120;2025-04-01;2025-09-30;234,9;reajuste_custo
1120;2025-10-01;2026-06-30;241,9;reajuste_custo
1120;2026-07-01;;288,9;reajuste_custo
1121;2024-10-01;2025-03-31;284,9;preco_inicial
1121;2025-04-01;2025-05-31;293,9;reajuste_custo
1121;2025-06-01;2025-12-31;252,9;alinhamento_agressivo
1121;2026-01-01;2026-06-30;261,9;reajuste_custo
1121;2026-07-01;;306,9;reajuste_custo
1122;2024-10-01;2024-12-31;138,9;preco_inicial
1122;2025-01-01;2025-05-31;141,9;reajuste_custo
1122;2025-06-01;2025-09-30;122,9;alinhamento_agressivo
1122;2025-10-01;2026-06-30;125,9;reajuste_custo
1122;2026-07-01;;149,9;reajuste_custo
1123;2024-10-01;2025-03-31;255,9;preco_inicial
1123;2025-04-01;2025-09-30;263,9;reajuste_custo
1123;2025-10-01;2026-06-30;271,9;reajuste_custo
1123;2026-07-01;;323,9;reajuste_custo
1124;2024-10-01;2025-03-31;1977,9;preco_inicial
1124;2025-04-01;2025-09-30;2037,9;reajuste_custo
1124;2025-10-01;2026-06-30;2099,9;reajuste_custo
1124;2026-07-01;;2503,9;reajuste_custo
1125;2024-10-01;2025-03-31;289,9;preco_inicial
1125;2025-04-01;2025-09-30;298,9;reajuste_custo
1125;2025-10-01;2026-06-30;307,9;reajuste_custo
1125;2026-07-01;;366,9;reajuste_custo
1126;2024-10-01;2024-12-31;141,9;preco_inicial
1126;2025-01-01;2025-06-30;144,9;reajuste_custo
1126;2025-07-01;2025-12-31;148,9;reajuste_custo
1126;2026-01-01;2026-06-30;152,9;reajuste_custo
1126;2026-07-01;;179,9;reajuste_custo
1127;2024-10-01;2025-03-31;211,9;preco_inicial
1127;2025-04-01;2025-05-31;218,9;reajuste_custo
1127;2025-06-01;2025-09-30;187,9;alinhamento_agressivo
1127;2025-10-01;2026-06-30;191,9;reajuste_custo
1127;2026-07-01;;227,9;reajuste_custo
1128;2024-10-01;2024-12-31;79,9;preco_inicial
1128;2025-01-01;2025-05-31;81,9;reajuste_custo
1128;2025-06-01;2025-09-30;103,9;reposicionamento
1128;2025-10-01;2026-06-30;106,9;reajuste_custo
1128;2026-07-01;;126,9;reajuste_custo
1129;2024-10-01;2025-03-31;460,9;preco_inicial
1129;2025-04-01;2025-05-31;474,9;reajuste_custo
1129;2025-06-01;2025-09-30;599,9;reposicionamento
1129;2025-10-01;2026-06-30;611,9;reajuste_custo
1129;2026-07-01;;729,9;reajuste_custo
1130;2024-10-01;2025-03-31;56,9;preco_inicial
1130;2025-04-01;2025-05-31;58,9;reajuste_custo
1130;2025-06-01;2025-12-31;74,9;reposicionamento
1130;2026-01-01;2026-06-30;76,9;reajuste_custo
1130;2026-07-01;;90,9;reajuste_custo
1131;2024-10-01;2025-03-31;502,9;preco_inicial
1131;2025-04-01;2025-09-30;518,9;reajuste_custo
1131;2025-10-01;2026-06-30;533,9;reajuste_custo
1131;2026-07-01;;636,9;reajuste_custo
1132;2024-10-01;2025-03-31;280,9;preco_inicial
1132;2025-04-01;2025-09-30;289,9;reajuste_custo
1132;2025-10-01;2026-06-30;298,9;reajuste_custo
1132;2026-07-01;;355,9;reajuste_custo
1133;2024-10-01;2024-12-31;139,9;preco_inicial
1133;2025-01-01;2025-05-31;142,9;reajuste_custo
1133;2025-06-01;2025-09-30;123,9;alinhamento_agressivo
1133;2025-10-01;2026-06-30;126,9;reajuste_custo
1133;2026-07-01;;150,9;reajuste_custo
1134;2024-10-01;2025-03-31;681,9;preco_inicial
1134;2025-04-01;2025-09-30;702,9;reajuste_custo
1134;2025-10-01;2026-06-30;723,9;reajuste_custo
1134;2026-07-01;;863,9;reajuste_custo
1135;2024-10-01;2025-03-31;196,9;preco_inicial
1135;2025-04-01;2025-09-30;202,9;reajuste_custo
1135;2025-10-01;2026-06-30;209,9;reajuste_custo
1135;2026-07-01;;249,9;reajuste_custo
1136;2024-10-01;2025-03-31;287,9;preco_inicial
1136;2025-04-01;2025-09-30;296,9;reajuste_custo
1136;2025-10-01;2026-06-30;305,9;reajuste_custo
1136;2026-07-01;;364,9;reajuste_custo
1137;2024-10-01;2025-03-31;280,9;preco_inicial
1137;2025-04-01;2025-09-30;289,9;reajuste_custo
1137;2025-10-01;2026-06-30;298,9;reajuste_custo
1137;2026-07-01;;355,9;reajuste_custo
1138;2024-10-01;2025-03-31;324,9;preco_inicial
1138;2025-04-01;2025-05-31;334,9;reajuste_custo
1138;2025-06-01;2025-09-30;422,9;reposicionamento
1138;2025-10-01;2026-06-30;431,9;reajuste_custo
1138;2026-07-01;;514,9;reajuste_custo
1139;2024-10-01;2025-03-31;376,9;preco_inicial
1139;2025-04-01;2025-09-30;388,9;reajuste_custo
1139;2025-10-01;2026-06-30;400,9;reajuste_custo
1139;2026-07-01;;477,9;reajuste_custo
1140;2024-10-01;2025-03-31;285,9;preco_inicial
1140;2025-04-01;2025-09-30;294,9;reajuste_custo
1140;2025-10-01;2026-06-30;303,9;reajuste_custo
1140;2026-07-01;;361,9;reajuste_custo
1141;2024-10-01;2025-03-31;121,9;preco_inicial
1141;2025-04-01;2025-09-30;125,9;reajuste_custo
1141;2025-10-01;2026-06-30;129,9;reajuste_custo
1141;2026-07-01;;154,9;reajuste_custo
1142;2025-03-31;2024-10-01;330,9;preco_inicial
1142;2025-04-01;2025-09-30;340,9;reajuste_custo
1142;2025-10-01;2026-06-30;351,9;reajuste_custo
1142;2026-07-01;;418,9;reajuste_custo
1143;2024-10-01;2025-03-31;374,9;preco_inicial
1143;2025-04-01;2025-09-30;386,9;reajuste_custo
1143;2025-10-01;2026-06-30;398,9;reajuste_custo
1143;2026-07-01;;474,9;reajuste_custo
1144;2024-10-01;2025-03-31;122,9;preco_inicial
1144;2025-04-01;2025-09-30;126,9;reajuste_custo
1144;2025-10-01;2026-06-30;130,9;reajuste_custo
1144;2026-07-01;;155,9;reajuste_custo
1145;2024-10-01;2025-03-31;754,9;preco_inicial
1145;2025-04-01;2025-09-30;777,9;reajuste_custo
1145;2025-10-01;2026-06-30;801,9;reajuste_custo
1145;2026-07-01;;955,9;reajuste_custo
1146;2024-10-01;2025-03-31;317,9;preco_inicial
1146;2025-04-01;2025-09-30;327,9;reajuste_custo
1146;2025-10-01;2026-06-30;337,9;reajuste_custo
1146;2026-07-01;;402,9;reajuste_custo
1147;2024-10-01;2025-03-31;356,9;preco_inicial
1147;2025-04-01;2025-09-30;367,9;reajuste_custo
1147;2025-10-01;2026-06-30;378,9;reajuste_custo
1147;2026-07-01;;451,9;reajuste_custo
1148;2024-10-01;2025-03-31;187,9;preco_inicial
1148;2025-04-01;2025-09-30;193,9;reajuste_custo
1148;2025-10-01;2026-06-30;199,9;reajuste_custo
1148;2026-07-01;;237,9;reajuste_custo
1149;2024-10-01;2025-03-31;412,9;preco_inicial
1149;2025-04-01;2025-09-30;425,9;reajuste_custo
1149;2025-10-01;2026-06-30;438,9;reajuste_custo
1149;2026-07-01;;522,9;reajuste_custo
1150;2024-10-01;2024-12-31;75,9;preco_inicial
1150;2025-01-01;2025-06-30;77,9;reajuste_custo
1150;2025-07-01;2025-12-31;79,9;reajuste_custo
1150;2026-01-01;2026-06-30;81,9;reajuste_custo
1150;2026-07-01;;96,9;reajuste_custo
1151;2024-10-01;2024-12-31;34,9;preco_inicial
1151;2025-01-01;2025-06-30;35,9;reajuste_custo
1151;2025-07-01;2025-09-30;36,9;reajuste_custo
1151;2025-10-01;2026-03-31;37,9;reajuste_custo
1151;2026-04-01;;38,9;reajuste_custo
1152;2024-10-01;2024-12-31;18,9;preco_inicial
1152;2025-01-01;2025-09-30;19,9;reajuste_custo
1152;2025-10-01;;20,9;reajuste_custo
1153;2024-10-01;2024-12-31;34,9;preco_inicial
1153;2025-01-01;2025-06-30;35,9;reajuste_custo
1153;2025-07-01;2025-09-30;36,9;reajuste_custo
1153;2025-10-01;2026-03-31;37,9;reajuste_custo
1153;2026-04-01;;38,9;reajuste_custo
1154;2024-10-01;2024-12-31;15,9;preco_inicial
1154;2025-01-01;2025-12-31;16,9;reajuste_custo
1154;2026-01-01;;17,9;reajuste_custo
1155;2024-10-01;2025-03-31;56,9;preco_inicial
1155;2025-04-01;2025-09-30;58,9;reajuste_custo
1155;2025-10-01;2026-03-31;60,9;reajuste_custo
1155;2026-04-01;;62,9;reajuste_custo
1156;2024-10-01;2025-03-31;57,9;preco_inicial
1156;2025-04-01;2025-09-30;59,9;reajuste_custo
1156;2025-10-01;2026-03-31;61,9;reajuste_custo
1156;2026-04-01;;63,9;reajuste_custo
1157;2024-10-01;2024-12-31;33,9;preco_inicial
1157;2025-01-01;2025-06-30;34,9;reajuste_custo
1157;2025-07-01;2025-12-31;35,9;reajuste_custo
1157;2026-01-01;2026-03-31;36,9;reajuste_custo
1157;2026-04-01;;37,9;reajuste_custo
1158;2024-10-01;2024-12-31;34,9;preco_inicial
1158;2025-01-01;2025-06-30;35,9;reajuste_custo
1158;2025-07-01;2025-09-30;36,9;reajuste_custo
1158;2025-10-01;2026-03-31;37,9;reajuste_custo
1158;2026-04-01;;38,9;reajuste_custo
1159;2024-10-01;2024-12-31;23,9;preco_inicial
1159;2025-01-01;2025-05-31;24,9;reajuste_custo
1159;2025-06-01;2026-03-31;21,9;alinhamento_agressivo
1159;2026-04-01;;22,9;reajuste_custo
1160;2024-10-01;2024-12-31;29,9;preco_inicial
1160;2025-01-01;2025-06-30;30,9;reajuste_custo
1160;2025-07-01;2025-12-31;31,9;reajuste_custo
1160;2026-01-01;2026-06-30;32,9;reajuste_custo
1160;2026-07-01;;33,9;reajuste_custo
1161;2024-10-01;2024-12-31;38,9;preco_inicial
1161;2025-01-01;2025-03-31;39,9;reajuste_custo
1161;2025-04-01;2025-09-30;40,9;reajuste_custo
1161;2025-10-01;2026-03-31;41,9;reajuste_custo
1161;2026-04-01;2026-06-30;42,9;reajuste_custo
1161;2026-07-01;;43,9;reajuste_custo
1162;2024-10-01;2024-12-31;46,9;preco_inicial
1162;2025-01-01;2025-03-31;47,9;reajuste_custo
1162;2025-04-01;2025-06-30;48,9;reajuste_custo
1162;2025-07-01;2025-12-31;49,9;reajuste_custo
1162;2026-01-01;2026-06-30;50,9;reajuste_custo
1162;2026-07-01;;52,9;reajuste_custo
1163;2024-10-01;2024-12-31;48,9;preco_inicial
1163;2025-01-01;2025-03-31;49,9;reajuste_custo
1163;2025-04-01;2025-12-31;50,9;reajuste_custo
1163;2026-01-01;2026-06-30;52,9;reajuste_custo
1163;2026-07-01;;54,9;reajuste_custo
1164;2024-10-01;2024-12-31;24,9;preco_inicial
1164;2025-01-01;2025-06-30;25,9;reajuste_custo
1164;2025-07-01;2026-03-31;26,9;reajuste_custo
1164;2026-04-01;;27,9;reajuste_custo
1165;2024-10-01;2024-12-31;17,9;preco_inicial
1165;2025-01-01;2025-09-30;18,9;reajuste_custo
1165;2025-10-01;;19,9;reajuste_custo
1166;2024-10-01;2024-12-31;28,9;preco_inicial
1166;2025-01-01;2025-06-30;29,9;reajuste_custo
1166;2025-07-01;2025-12-31;30,9;reajuste_custo
1166;2026-01-01;2026-06-30;31,9;reajuste_custo
1166;2026-07-01;;32,9;reajuste_custo
1167;2024-10-01;2024-12-31;29,9;preco_inicial
1167;2025-01-01;2025-06-30;30,9;reajuste_custo
1167;2025-07-01;2025-12-31;31,9;reajuste_custo
1167;2026-01-01;2026-06-30;32,9;reajuste_custo
1167;2026-07-01;;33,9;reajuste_custo
1168;2024-10-01;2024-12-31;46,9;preco_inicial
1168;2025-01-01;2025-03-31;47,9;reajuste_custo
1168;2025-04-01;2025-06-30;48,9;reajuste_custo
1168;2025-07-01;2025-12-31;49,9;reajuste_custo
1168;2026-01-01;2026-06-30;50,9;reajuste_custo
1168;2026-07-01;;52,9;reajuste_custo
1169;2024-10-01;2024-12-31;7,9;preco_inicial
1169;2025-01-01;;8,9;reajuste_custo
1170;2024-10-01;2024-12-31;21,9;preco_inicial
1170;2025-01-01;2025-09-30;22,9;reajuste_custo
1170;2025-10-01;2026-06-30;23,9;reajuste_custo
1170;2026-07-01;;24,9;reajuste_custo
1171;2024-10-01;2024-12-31;24,9;preco_inicial
1171;2025-01-01;2025-06-30;25,9;reajuste_custo
1171;2025-07-01;2026-03-31;26,9;reajuste_custo
1171;2026-04-01;;27,9;reajuste_custo
1172;2024-10-01;2024-12-31;31,9;preco_inicial
1172;2025-01-01;2025-05-31;32,9;reajuste_custo
1172;2025-06-01;2025-09-30;41,9;reposicionamento
1172;2025-10-01;2026-03-31;42,9;reajuste_custo
1172;2026-04-01;2026-06-30;43,9;reajuste_custo
1172;2026-07-01;;44,9;reajuste_custo
1173;2024-10-01;2024-12-31;24,9;preco_inicial
1173;2025-01-01;2025-06-30;25,9;reajuste_custo
1173;2025-07-01;2026-03-31;26,9;reajuste_custo
1173;2026-04-01;;27,9;reajuste_custo
1174;2024-10-01;2024-12-31;45,9;preco_inicial
1174;2025-01-01;2025-03-31;46,9;reajuste_custo
1174;2025-04-01;2025-06-30;47,9;reajuste_custo
1174;2025-07-01;2025-12-31;48,9;reajuste_custo
1174;2026-01-01;2026-03-31;49,9;reajuste_custo
1174;2026-04-01;;50,9;reajuste_custo
1175;2024-10-01;2024-12-31;14,9;preco_inicial
1175;2025-01-01;2025-05-31;15,9;reajuste_custo
1175;2025-06-01;2026-06-30;13,9;alinhamento_agressivo
1175;2026-07-01;;14,9;reajuste_custo
1176;2024-10-01;2024-12-31;20,9;preco_inicial
1176;2025-01-01;2025-05-31;21,9;reajuste_custo
1176;2025-06-01;2025-12-31;27,9;reposicionamento
1176;2026-01-01;2026-06-30;28,9;reajuste_custo
1176;2026-07-01;;29,9;reajuste_custo
1177;2024-10-01;2024-12-31;6,9;preco_inicial
1177;2025-01-01;2025-05-31;7,9;reajuste_custo
1177;2025-06-01;;6,9;alinhamento_agressivo
1178;2024-10-01;2025-03-31;54,9;preco_inicial
1178;2025-04-01;2025-09-30;56,9;reajuste_custo
1178;2025-10-01;2026-03-31;58,9;reajuste_custo
1178;2026-04-01;;60,9;reajuste_custo
1179;2024-10-01;2024-12-31;38,9;preco_inicial
1179;2025-01-01;2025-03-31;39,9;reajuste_custo
1179;2025-04-01;2025-09-30;40,9;reajuste_custo
1179;2025-10-01;2026-03-31;41,9;reajuste_custo
1179;2026-04-01;2026-06-30;42,9;reajuste_custo
1179;2026-07-01;;43,9;reajuste_custo
1180;2024-10-01;2024-12-31;29,9;preco_inicial
1180;2025-01-01;2025-06-30;30,9;reajuste_custo
1180;2025-07-01;2025-12-31;31,9;reajuste_custo
1180;2026-01-01;2026-06-30;32,9;reajuste_custo
1180;2026-07-01;;33,9;reajuste_custo
1181;2024-10-01;2024-12-31;49,9;preco_inicial
1181;2025-01-01;2025-06-30;50,9;reajuste_custo
1181;2025-07-01;2026-03-31;52,9;reajuste_custo
1181;2026-04-01;;54,9;reajuste_custo
1182;2024-10-01;2024-12-31;11,9;preco_inicial
1182;2025-01-01;2026-03-31;12,9;reajuste_custo
1182;2026-04-01;;13,9;reajuste_custo
1183;2024-10-01;2024-12-31;18,9;preco_inicial
1183;2025-01-01;2025-09-30;19,9;reajuste_custo
1183;2025-10-01;;20,9;reajuste_custo
1184;2024-10-01;2024-12-31;30,9;preco_inicial
1184;2025-01-01;2025-05-31;31,9;reajuste_custo
1184;2025-06-01;2025-09-30;40,9;reposicionamento
1184;2025-10-01;2026-03-31;41,9;reajuste_custo
1184;2026-04-01;;42,9;reajuste_custo
1185;2024-10-01;2024-12-31;40,9;preco_inicial
1185;2025-01-01;2025-03-31;41,9;reajuste_custo
1185;2025-04-01;2025-09-30;42,9;reajuste_custo
1185;2025-10-01;2025-12-31;43,9;reajuste_custo
1185;2026-01-01;2026-06-30;44,9;reajuste_custo
1185;2026-07-01;;45,9;reajuste_custo
1186;2024-10-01;2024-12-31;27,9;preco_inicial
1186;2025-01-01;2025-06-30;28,9;reajuste_custo
1186;2025-07-01;2025-12-31;29,9;reajuste_custo
1186;2026-01-01;;30,9;reajuste_custo
1187;2024-10-01;2024-12-31;10,9;preco_inicial
1187;2025-01-01;2026-06-30;11,9;reajuste_custo
1187;2026-07-01;;12,9;reajuste_custo
1188;2024-10-01;2024-12-31;42,9;preco_inicial
1188;2025-01-01;2025-03-31;43,9;reajuste_custo
1188;2025-04-01;2025-09-30;44,9;reajuste_custo
1188;2025-10-01;2025-12-31;45,9;reajuste_custo
1188;2026-01-01;2026-06-30;46,9;reajuste_custo
1188;2026-07-01;;47,9;reajuste_custo
1189;2024-10-01;2024-12-31;12,9;preco_inicial
1189;2025-01-01;2026-03-31;13,9;reajuste_custo
1189;2026-04-01;;14,9;reajuste_custo
1190;2024-10-01;2024-12-31;39,9;preco_inicial
1190;2025-01-01;2025-03-31;40,9;reajuste_custo
1190;2025-04-01;2025-05-31;41,9;reajuste_custo
1190;2025-06-01;2025-12-31;51,9;reposicionamento
1190;2026-01-01;2026-06-30;53,9;reajuste_custo
1190;2026-07-01;;55,9;reajuste_custo
1191;2024-10-01;2024-12-31;21,9;preco_inicial
1191;2025-01-01;2025-09-30;22,9;reajuste_custo
1191;2025-10-01;2026-06-30;23,9;reajuste_custo
1191;2026-07-01;;24,9;reajuste_custo
1192;2024-10-01;2024-12-31;25,9;preco_inicial
1192;2025-01-01;2025-06-30;26,9;reajuste_custo
1192;2025-07-01;2026-03-31;27,9;reajuste_custo
1192;2026-04-01;;28,9;reajuste_custo
1193;2024-10-01;2024-12-31;12,9;preco_inicial
1193;2025-01-01;2026-03-31;13,9;reajuste_custo
1193;2026-04-01;;14,9;reajuste_custo
1194;2024-10-01;2024-12-31;10,9;preco_inicial
1194;2025-01-01;2026-06-30;11,9;reajuste_custo
1194;2026-07-01;;12,9;reajuste_custo
1195;2024-10-01;2024-12-31;45,9;preco_inicial
1195;2025-01-01;2025-03-31;46,9;reajuste_custo
1195;2025-04-01;2025-06-30;47,9;reajuste_custo
1195;2025-07-01;2025-12-31;48,9;reajuste_custo
1195;2026-01-01;2026-03-31;49,9;reajuste_custo
1195;2026-04-01;;50,9;reajuste_custo
1196;2024-10-01;2024-12-31;19,9;preco_inicial
1196;2025-01-01;2025-09-30;20,9;reajuste_custo
1196;2025-10-01;2026-06-30;21,9;reajuste_custo
1196;2026-07-01;;22,9;reajuste_custo
1197;2024-10-01;2024-12-31;34,9;preco_inicial
1197;2025-01-01;2025-06-30;35,9;reajuste_custo
1197;2025-07-01;2025-09-30;36,9;reajuste_custo
1197;2025-10-01;2026-03-31;37,9;reajuste_custo
1197;2026-04-01;;38,9;reajuste_custo
1198;2024-10-01;2024-12-31;21,9;preco_inicial
1198;2025-01-01;2025-09-30;22,9;reajuste_custo
1198;2025-10-01;2026-06-30;23,9;reajuste_custo
1198;2026-07-01;;24,9;reajuste_custo
1199;2024-10-01;2024-12-31;23,9;preco_inicial
1199;2025-01-01;2025-05-31;24,9;reajuste_custo
1199;2025-06-01;2026-03-31;21,9;alinhamento_agressivo
1199;2026-04-01;;22,9;reajuste_custo
1200;2024-10-01;2024-12-31;43,9;preco_inicial
1200;2025-01-01;2025-03-31;44,9;reajuste_custo
1200;2025-04-01;2025-05-31;45,9;reajuste_custo
1200;2025-06-01;2025-12-31;57,9;reposicionamento
1200;2026-01-01;;59,9;reajuste_custo
1201;2024-10-01;2024-12-31;35,9;preco_inicial
1201;2025-01-01;2025-06-30;36,9;reajuste_custo
1201;2025-07-01;2025-09-30;37,9;reajuste_custo
1201;2025-10-01;2026-03-31;38,9;reajuste_custo
1201;2026-04-01;;39,9;reajuste_custo
1202;2024-10-01;2024-12-31;31,9;preco_inicial
1202;2025-01-01;2025-06-30;32,9;reajuste_custo
1202;2025-07-01;2025-12-31;33,9;reajuste_custo
1202;2026-01-01;2026-06-30;34,9;reajuste_custo
1202;2026-07-01;;35,9;reajuste_custo
1203;2024-10-01;2024-12-31;21,9;preco_inicial
1203;2025-01-01;2025-05-31;22,9;reajuste_custo
1203;2025-06-01;2025-12-31;19,9;alinhamento_agressivo
1203;2026-01-01;;20,9;reajuste_custo
1204;2024-10-01;2024-12-31;14,9;preco_inicial
1204;2025-01-01;2025-12-31;15,9;reajuste_custo
1204;2026-01-01;;16,9;reajuste_custo
1205;2024-10-01;2024-12-31;33,9;preco_inicial
1205;2025-01-01;2025-06-30;34,9;reajuste_custo
1205;2025-07-01;2025-12-31;35,9;reajuste_custo
1205;2026-01-01;2026-03-31;36,9;reajuste_custo
1205;2026-04-01;;37,9;reajuste_custo
1206;2024-10-01;2025-03-31;57,9;preco_inicial
1206;2025-04-01;2025-09-30;59,9;reajuste_custo
1206;2025-10-01;2026-03-31;61,9;reajuste_custo
1206;2026-04-01;;63,9;reajuste_custo
1207;2024-10-01;2024-12-31;24,9;preco_inicial
1207;2025-01-01;2025-06-30;25,9;reajuste_custo
1207;2025-07-01;2026-03-31;26,9;reajuste_custo
1207;2026-04-01;;27,9;reajuste_custo
1208;2024-10-01;2024-12-31;46,9;preco_inicial
1208;2025-01-01;2025-03-31;47,9;reajuste_custo
1208;2025-04-01;2025-06-30;48,9;reajuste_custo
1208;2025-07-01;2025-12-31;49,9;reajuste_custo
1208;2026-01-01;2026-06-30;50,9;reajuste_custo
1208;2026-07-01;;52,9;reajuste_custo
1209;2024-10-01;2024-12-31;31,9;preco_inicial
1209;2025-01-01;2025-06-30;32,9;reajuste_custo
1209;2025-07-01;2025-12-31;33,9;reajuste_custo
1209;2026-01-01;2026-06-30;34,9;reajuste_custo
1209;2026-07-01;;35,9;reajuste_custo
1210;2024-10-01;2024-12-31;30,9;preco_inicial
1210;2025-01-01;2025-06-30;31,9;reajuste_custo
1210;2025-07-01;2025-12-31;32,9;reajuste_custo
1210;2026-01-01;2026-06-30;33,9;reajuste_custo
1210;2026-07-01;;34,9;reajuste_custo
1211;2024-10-01;2024-12-31;23,9;preco_inicial
1211;2025-01-01;2025-09-30;24,9;reajuste_custo
1211;2025-10-01;2026-03-31;25,9;reajuste_custo
1211;2026-04-01;;26,9;reajuste_custo
1212;2024-10-01;2024-12-31;30,9;preco_inicial
1212;2025-01-01;2025-06-30;31,9;reajuste_custo
1212;2025-07-01;2025-12-31;32,9;reajuste_custo
1212;2026-01-01;2026-06-30;33,9;reajuste_custo
1212;2026-07-01;;34,9;reajuste_custo
1213;2024-10-01;2024-12-31;18,9;preco_inicial
1213;2025-01-01;2025-09-30;19,9;reajuste_custo
1213;2025-10-01;;20,9;reajuste_custo
1214;2024-10-01;2024-12-31;11,9;preco_inicial
1214;2025-01-01;2026-03-31;12,9;reajuste_custo
1214;2026-04-01;;13,9;reajuste_custo
1215;2024-10-01;2024-12-31;73,9;preco_inicial
1215;2025-01-01;2025-06-30;75,9;reajuste_custo
1215;2025-07-01;2025-12-31;77,9;reajuste_custo
1215;2026-01-01;2026-06-30;79,9;reajuste_custo
1215;2026-07-01;;82,9;reajuste_custo
1216;2024-10-01;2024-12-31;34,9;preco_inicial
1216;2025-01-01;2025-06-30;35,9;reajuste_custo
1216;2025-07-01;2025-09-30;36,9;reajuste_custo
1216;2025-10-01;2026-03-31;37,9;reajuste_custo
1216;2026-04-01;;38,9;reajuste_custo
1217;2024-10-01;2024-12-31;20,9;preco_inicial
1217;2025-01-01;2025-09-30;21,9;reajuste_custo
1217;2025-10-01;2026-06-30;22,9;reajuste_custo
1217;2026-07-01;;23,9;reajuste_custo
1218;2024-10-01;2024-12-31;16,9;preco_inicial
1218;2025-01-01;2025-12-31;17,9;reajuste_custo
1218;2026-01-01;;18,9;reajuste_custo
1219;2024-10-01;2024-12-31;25,9;preco_inicial
1219;2025-01-01;2025-06-30;26,9;reajuste_custo
1219;2025-07-01;2026-03-31;27,9;reajuste_custo
1219;2026-04-01;;28,9;reajuste_custo
1220;2024-10-01;2024-12-31;38,9;preco_inicial
1220;2025-01-01;2025-03-31;39,9;reajuste_custo
1220;2025-04-01;2025-09-30;40,9;reajuste_custo
1220;2025-10-01;2026-03-31;41,9;reajuste_custo
1220;2026-04-01;2026-06-30;42,9;reajuste_custo
1220;2026-07-01;;43,9;reajuste_custo
1221;2024-10-01;2024-12-31;21,9;preco_inicial
1221;2025-01-01;2025-09-30;22,9;reajuste_custo
1221;2025-10-01;2026-06-30;23,9;reajuste_custo
1221;2026-07-01;;24,9;reajuste_custo
1222;2024-10-01;2025-03-31;51,9;preco_inicial
1222;2025-04-01;2025-09-30;53,9;reajuste_custo
1222;2025-10-01;2026-06-30;55,9;reajuste_custo
1222;2026-07-01;;57,9;reajuste_custo
1223;2024-10-01;2024-12-31;42,9;preco_inicial
1223;2025-01-01;2025-03-31;43,9;reajuste_custo
1223;2025-04-01;2025-09-30;44,9;reajuste_custo
1223;2025-10-01;2025-12-31;45,9;reajuste_custo
1223;2026-01-01;2026-06-30;46,9;reajuste_custo
1223;2026-07-01;;47,9;reajuste_custo
1224;2024-10-01;2025-03-31;58,9;preco_inicial
1224;2025-04-01;2025-05-31;60,9;reajuste_custo
1224;2025-06-01;2026-03-31;52,9;alinhamento_agressivo
1224;2026-04-01;;54,9;reajuste_custo
1225;2024-12-31;2024-10-01;10,9;preco_inicial
1225;2025-01-01;2026-06-30;11,9;reajuste_custo
1225;2026-07-01;;12,9;reajuste_custo
1226;2024-10-01;2024-12-31;41,9;preco_inicial
1226;2025-01-01;2025-03-31;42,9;reajuste_custo
1226;2025-04-01;2025-05-31;43,9;reajuste_custo
1226;2025-06-01;2025-12-31;37,9;alinhamento_agressivo
1226;2026-01-01;2026-06-30;38,9;reajuste_custo
1226;2026-07-01;;39,9;reajuste_custo
1227;2024-10-01;2024-12-31;44,9;preco_inicial
1227;2025-01-01;2025-03-31;45,9;reajuste_custo
1227;2025-04-01;2025-09-30;46,9;reajuste_custo
1227;2025-10-01;2025-12-31;47,9;reajuste_custo
1227;2026-01-01;2026-03-31;48,9;reajuste_custo
1227;2026-04-01;;49,9;reajuste_custo
1228;2024-10-01;2025-03-31;61,9;preco_inicial
1228;2025-04-01;2025-09-30;63,9;reajuste_custo
1228;2025-10-01;2026-03-31;65,9;reajuste_custo
1228;2026-04-01;;67,9;reajuste_custo
1229;2024-10-01;2024-12-31;24,9;preco_inicial
1229;2025-01-01;2025-06-30;25,9;reajuste_custo
1229;2025-07-01;2026-03-31;26,9;reajuste_custo
1229;2026-04-01;;27,9;reajuste_custo
1230;2024-10-01;2025-03-31;51,9;preco_inicial
1230;2025-04-01;2025-09-30;53,9;reajuste_custo
1230;2025-10-01;2026-06-30;55,9;reajuste_custo
1230;2026-07-01;;57,9;reajuste_custo
1231;2024-10-01;2024-12-31;32,9;preco_inicial
1231;2025-01-01;2025-05-31;33,9;reajuste_custo
1231;2025-06-01;2025-12-31;29,9;alinhamento_agressivo
1231;2026-01-01;2026-06-30;30,9;reajuste_custo
1231;2026-07-01;;31,9;reajuste_custo
1232;2024-10-01;2025-03-31;69,9;preco_inicial
1232;2025-04-01;2025-09-30;72,9;reajuste_custo
1232;2025-10-01;2026-03-31;74,9;reajuste_custo
1232;2026-04-01;;76,9;reajuste_custo
1233;2024-10-01;2024-12-31;93,9;preco_inicial
1233;2025-01-01;2025-06-30;95,9;reajuste_custo
1233;2025-07-01;2025-12-31;98,9;reajuste_custo
1233;2026-01-01;2026-06-30;101,9;reajuste_custo
1233;2026-07-01;;104,9;reajuste_custo
1234;2024-10-01;2024-12-31;45,9;preco_inicial
1234;2025-01-01;2025-03-31;46,9;reajuste_custo
1234;2025-04-01;2025-06-30;47,9;reajuste_custo
1234;2025-07-01;2025-12-31;48,9;reajuste_custo
1234;2026-01-01;2026-03-31;49,9;reajuste_custo
1234;2026-04-01;;50,9;reajuste_custo
1235;2024-10-01;2025-03-31;208,9;preco_inicial
1235;2025-04-01;2025-09-30;215,9;reajuste_custo
1235;2025-10-01;2026-03-31;221,9;reajuste_custo
1235;2026-04-01;;228,9;reajuste_custo
1236;2024-10-01;2024-12-31;98,9;preco_inicial
1236;2025-01-01;2025-06-30;100,9;reajuste_custo
1236;2025-07-01;2025-12-31;103,9;reajuste_custo
1236;2026-01-01;2026-06-30;106,9;reajuste_custo
1236;2026-07-01;;109,9;reajuste_custo
1237;2024-10-01;2024-12-31;27,9;preco_inicial
1237;2025-01-01;2025-06-30;28,9;reajuste_custo
1237;2025-07-01;2025-12-31;29,9;reajuste_custo
1237;2026-01-01;;30,9;reajuste_custo
1238;2024-10-01;2024-12-31;87,9;preco_inicial
1238;2025-01-01;2025-06-30;89,9;reajuste_custo
1238;2025-07-01;2025-09-30;91,9;reajuste_custo
1238;2025-10-01;2026-03-31;93,9;reajuste_custo
1238;2026-04-01;;96,9;reajuste_custo
1239;2024-10-01;2025-03-31;68,9;preco_inicial
1239;2025-04-01;2025-06-30;70,9;reajuste_custo
1239;2025-07-01;2025-12-31;72,9;reajuste_custo
1239;2026-01-01;2026-06-30;74,9;reajuste_custo
1239;2026-07-01;;76,9;reajuste_custo
1240;2024-10-01;2024-12-31;45,9;preco_inicial
1240;2025-01-01;2025-03-31;46,9;reajuste_custo
1240;2025-04-01;2025-06-30;47,9;reajuste_custo
1240;2025-07-01;2025-12-31;48,9;reajuste_custo
1240;2026-01-01;2026-03-31;49,9;reajuste_custo
1240;2026-04-01;;50,9;reajuste_custo
1241;2024-10-01;2024-12-31;23,9;preco_inicial
1241;2025-01-01;2025-09-30;24,9;reajuste_custo
1241;2025-10-01;2026-03-31;25,9;reajuste_custo
1241;2026-04-01;;26,9;reajuste_custo
1242;2024-10-01;2024-12-31;93,9;preco_inicial
1242;2025-01-01;2025-06-30;95,9;reajuste_custo
1242;2025-07-01;2025-12-31;98,9;reajuste_custo
1242;2026-01-01;2026-06-30;101,9;reajuste_custo
1242;2026-07-01;;104,9;reajuste_custo
1243;2024-10-01;2024-12-31;24,9;preco_inicial
1243;2025-01-01;2025-06-30;25,9;reajuste_custo
1243;2025-07-01;2026-03-31;26,9;reajuste_custo
1243;2026-04-01;;27,9;reajuste_custo
1244;2024-10-01;2024-12-31;36,9;preco_inicial
1244;2025-01-01;2025-03-31;37,9;reajuste_custo
1244;2025-04-01;2025-09-30;38,9;reajuste_custo
1244;2025-10-01;2026-03-31;39,9;reajuste_custo
1244;2026-04-01;;40,9;reajuste_custo
1245;2024-10-01;2024-12-31;72,9;preco_inicial
1245;2025-01-01;2025-06-30;74,9;reajuste_custo
1245;2025-07-01;2025-12-31;76,9;reajuste_custo
1245;2026-01-01;2026-06-30;78,9;reajuste_custo
1245;2026-07-01;;80,9;reajuste_custo
1246;2024-10-01;2024-12-31;45,9;preco_inicial
1246;2025-01-01;2025-03-31;46,9;reajuste_custo
1246;2025-04-01;2025-05-31;47,9;reajuste_custo
1246;2025-06-01;2025-09-30;40,9;alinhamento_agressivo
1246;2025-10-01;2025-12-31;41,9;reajuste_custo
1246;2026-01-01;2026-06-30;42,9;reajuste_custo
1246;2026-07-01;;0,0;reajuste_custo
1247;2024-10-01;2025-03-31;159,9;preco_inicial
1247;2025-04-01;2025-09-30;164,9;reajuste_custo
1247;2025-10-01;2026-03-31;169,9;reajuste_custo
1247;2026-04-01;;174,9;reajuste_custo
1248;2024-10-01;2025-03-31;68,9;preco_inicial
1248;2025-04-01;2025-05-31;70,9;reajuste_custo
1248;2025-06-01;2025-09-30;89,9;reposicionamento
1248;2025-10-01;2026-03-31;91,9;reajuste_custo
1248;2026-04-01;;94,9;reajuste_custo
1249;2024-10-01;2024-12-31;17,9;preco_inicial
1249;2025-01-01;2025-09-30;18,9;reajuste_custo
1249;2025-10-01;;19,9;reajuste_custo
1250;2024-10-01;2025-03-31;67,9;preco_inicial
1250;2025-04-01;2025-06-30;69,9;reajuste_custo
1250;2025-07-01;2025-12-31;71,9;reajuste_custo
1250;2026-01-01;2026-06-30;73,9;reajuste_custo
1250;2026-07-01;;75,9;reajuste_custo
1251;2024-10-01;2025-03-31;53,9;preco_inicial
1251;2025-04-01;2025-05-31;55,9;reajuste_custo
1251;2025-06-01;2025-12-31;70,9;reposicionamento
1251;2026-01-01;2026-06-30;72,9;reajuste_custo
1251;2026-07-01;;74,9;reajuste_custo
1252;2024-10-01;2024-12-31;44,9;preco_inicial
1252;2025-01-01;2025-03-31;45,9;reajuste_custo
1252;2025-04-01;2025-09-30;46,9;reajuste_custo
1252;2025-10-01;2025-12-31;47,9;reajuste_custo
1252;2026-01-01;2026-03-31;48,9;reajuste_custo
1252;2026-04-01;;49,9;reajuste_custo
1253;2024-10-01;2025-03-31;55,9;preco_inicial
1253;2025-04-01;2025-09-30;57,9;reajuste_custo
1253;2025-10-01;2026-03-31;59,9;reajuste_custo
1253;2026-04-01;;61,9;reajuste_custo
1254;2024-10-01;2024-12-31;41,9;preco_inicial
1254;2025-01-01;2025-03-31;42,9;reajuste_custo
1254;2025-04-01;2025-09-30;43,9;reajuste_custo
1254;2025-10-01;2025-12-31;44,9;reajuste_custo
1254;2026-01-01;2026-06-30;45,9;reajuste_custo
1254;2026-07-01;;46,9;reajuste_custo
1255;2024-10-01;2024-12-31;43,9;preco_inicial
1255;2025-01-01;2025-03-31;44,9;reajuste_custo
1255;2025-04-01;2025-09-30;45,9;reajuste_custo
1255;2025-10-01;2025-12-31;46,9;reajuste_custo
1255;2026-01-01;2026-03-31;47,9;reajuste_custo
1255;2026-04-01;;48,9;reajuste_custo
1256;2024-10-01;2024-12-31;28,9;preco_inicial
1256;2025-01-01;2025-06-30;29,9;reajuste_custo
1256;2025-07-01;2025-12-31;30,9;reajuste_custo
1256;2026-01-01;2026-06-30;31,9;reajuste_custo
1256;2026-07-01;;32,9;reajuste_custo
1257;2024-10-01;2024-12-31;77,9;preco_inicial
1257;2025-01-01;2025-06-30;79,9;reajuste_custo
1257;2025-07-01;2025-12-31;81,9;reajuste_custo
1257;2026-01-01;2026-03-31;83,9;reajuste_custo
1257;2026-04-01;;85,9;reajuste_custo
1258;2024-10-01;2024-12-31;96,9;preco_inicial
1258;2025-01-01;2025-06-30;98,9;reajuste_custo
1258;2025-07-01;2025-12-31;101,9;reajuste_custo
1258;2026-01-01;2026-06-30;104,9;reajuste_custo
1258;2026-07-01;;107,9;reajuste_custo
1259;2024-10-01;2024-12-31;48,9;preco_inicial
1259;2025-01-01;2025-03-31;49,9;reajuste_custo
1259;2025-04-01;2025-12-31;50,9;reajuste_custo
1259;2026-01-01;2026-06-30;52,9;reajuste_custo
1259;2026-07-01;;54,9;reajuste_custo
1260;2024-10-01;2025-03-31;66,9;preco_inicial
1260;2025-04-01;2025-05-31;68,9;reajuste_custo
1260;2025-06-01;2025-12-31;59,9;alinhamento_agressivo
1260;2026-01-01;2026-06-30;61,9;reajuste_custo
1260;2026-07-01;;63,9;reajuste_custo
1261;2024-10-01;2024-12-31;44,9;preco_inicial
1261;2025-01-01;2025-03-31;45,9;reajuste_custo
1261;2025-04-01;2025-05-31;46,9;reajuste_custo
1261;2025-06-01;2025-12-31;58,9;reposicionamento
1261;2026-01-01;2026-06-30;60,9;reajuste_custo
1261;2026-07-01;;62,9;reajuste_custo
1262;2024-10-01;2024-12-31;45,9;preco_inicial
1262;2025-01-01;2025-03-31;46,9;reajuste_custo
1262;2025-04-01;2025-05-31;47,9;reajuste_custo
1262;2025-06-01;2025-12-31;59,9;reposicionamento
1262;2026-01-01;2026-06-30;61,9;reajuste_custo
1262;2026-07-01;;63,9;reajuste_custo
1263;2024-10-01;2024-12-31;77,9;preco_inicial
1263;2025-01-01;2025-06-30;79,9;reajuste_custo
1263;2025-07-01;2025-12-31;81,9;reajuste_custo
1263;2026-01-01;2026-03-31;83,9;reajuste_custo
1263;2026-04-01;;85,9;reajuste_custo
1264;2024-10-01;2024-12-31;79,9;preco_inicial
1264;2025-01-01;2025-06-30;81,9;reajuste_custo
1264;2025-07-01;2025-12-31;83,9;reajuste_custo
1264;2026-01-01;2026-06-30;86,9;reajuste_custo
1264;2026-07-01;;88,9;reajuste_custo
1265;2024-10-01;2025-03-31;70,9;preco_inicial
1265;2025-04-01;2025-09-30;73,9;reajuste_custo
1265;2025-10-01;2026-03-31;75,9;reajuste_custo
1265;2026-04-01;;77,9;reajuste_custo
1266;2024-10-01;2024-12-31;78,9;preco_inicial
1266;2025-01-01;2025-06-30;80,9;reajuste_custo
1266;2025-07-01;2025-12-31;82,9;reajuste_custo
1266;2026-01-01;2026-06-30;85,9;reajuste_custo
1266;2026-07-01;;87,9;reajuste_custo
1267;2024-10-01;2025-03-31;51,9;preco_inicial
1267;2025-04-01;2025-05-31;53,9;reajuste_custo
1267;2025-06-01;2025-06-30;45,9;alinhamento_agressivo
1267;2025-07-01;2025-12-31;46,9;reajuste_custo
1267;2026-01-01;2026-03-31;47,9;reajuste_custo
1267;2026-04-01;;48,9;reajuste_custo
1268;2024-10-01;2024-12-31;24,9;preco_inicial
1268;2025-01-01;2025-06-30;25,9;reajuste_custo
1268;2025-07-01;2026-03-31;26,9;reajuste_custo
1268;2026-04-01;;27,9;reajuste_custo
1269;2024-10-01;2025-03-31;59,9;preco_inicial
1269;2025-04-01;2025-09-30;61,9;reajuste_custo
1269;2025-10-01;2026-03-31;63,9;reajuste_custo
1269;2026-04-01;;65,9;reajuste_custo
1270;2024-10-01;2025-03-31;60,9;preco_inicial
1270;2025-04-01;2025-09-30;62,9;reajuste_custo
1270;2025-10-01;2026-03-31;64,9;reajuste_custo
1270;2026-04-01;;66,9;reajuste_custo
1271;2024-10-01;2025-03-31;57,9;preco_inicial
1271;2025-04-01;2025-09-30;59,9;reajuste_custo
1271;2025-10-01;2026-03-31;61,9;reajuste_custo
1271;2026-04-01;;63,9;reajuste_custo
1272;2024-10-01;2024-12-31;36,9;preco_inicial
1272;2025-01-01;2025-03-31;37,9;reajuste_custo
1272;2025-04-01;2025-05-31;38,9;reajuste_custo
1272;2025-06-01;2025-12-31;48,9;reposicionamento
1272;2026-01-01;2026-03-31;49,9;reajuste_custo
1272;2026-04-01;;50,9;reajuste_custo
1273;2024-10-01;2024-12-31;25,9;preco_inicial
1273;2025-01-01;2025-06-30;26,9;reajuste_custo
1273;2025-07-01;2026-03-31;27,9;reajuste_custo
1273;2026-04-01;;28,9;reajuste_custo
1274;2024-10-01;2024-12-31;32,9;preco_inicial
1274;2025-01-01;2025-06-30;33,9;reajuste_custo
1274;2025-07-01;2025-12-31;34,9;reajuste_custo
1274;2026-01-01;2026-06-30;35,9;reajuste_custo
1274;2026-07-01;;36,9;reajuste_custo
1275;2024-10-01;2024-12-31;18,9;preco_inicial
1275;2025-01-01;2025-09-30;19,9;reajuste_custo
1275;2025-10-01;;20,9;reajuste_custo
1276;2024-10-01;2024-12-31;43,9;preco_inicial
1276;2025-01-01;2025-03-31;44,9;reajuste_custo
1276;2025-04-01;2025-05-31;0,0;reajuste_custo
1276;2025-06-01;2025-06-30;38,9;alinhamento_agressivo
1276;2025-07-01;2025-12-31;39,9;reajuste_custo
1276;2026-01-01;2026-06-30;40,9;reajuste_custo
1276;2026-07-01;;41,9;reajuste_custo
1277;2024-10-01;2025-03-31;56,9;preco_inicial
1277;2025-04-01;2025-09-30;58,9;reajuste_custo
1277;2025-10-01;2026-03-31;60,9;reajuste_custo
1277;2026-04-01;;62,9;reajuste_custo
1278;2024-10-01;2024-12-31;81,9;preco_inicial
1278;2025-01-01;2025-06-30;83,9;reajuste_custo
1278;2025-07-01;2025-12-31;85,9;reajuste_custo
1278;2026-01-01;2026-06-30;88,9;reajuste_custo
1278;2026-07-01;;90,9;reajuste_custo
1279;2024-10-01;2024-12-31;80,9;preco_inicial
1279;2025-01-01;2025-05-31;82,9;reajuste_custo
1279;2025-06-01;2025-12-31;105,9;reposicionamento
1279;2026-01-01;2026-06-30;108,9;reajuste_custo
1279;2026-07-01;;112,9;reajuste_custo
1280;2024-10-01;2024-12-31;87,9;preco_inicial
1280;2025-01-01;2025-06-30;89,9;reajuste_custo
1280;2025-07-01;2025-09-30;91,9;reajuste_custo
1280;2025-10-01;2026-03-31;93,9;reajuste_custo
1280;2026-04-01;;96,9;reajuste_custo
1281;2024-10-01;2025-03-31;120,9;preco_inicial
1281;2025-04-01;2025-09-30;124,9;reajuste_custo
1281;2025-10-01;2026-03-31;128,9;reajuste_custo
1281;2026-04-01;;132,9;reajuste_custo
1282;2024-10-01;2024-12-31;25,9;preco_inicial
1282;2025-01-01;2025-06-30;26,9;reajuste_custo
1282;2025-07-01;2026-03-31;27,9;reajuste_custo
1282;2026-04-01;;28,9;reajuste_custo
1283;2024-10-01;2024-12-31;147,9;preco_inicial
1283;2025-01-01;2025-05-31;150,9;reajuste_custo
1283;2025-06-01;2025-09-30;130,9;alinhamento_agressivo
1283;2025-10-01;2026-03-31;133,9;reajuste_custo
1283;2026-04-01;;137,9;reajuste_custo
1284;2024-10-01;2024-12-31;79,9;preco_inicial
1284;2025-01-01;2025-06-30;81,9;reajuste_custo
1284;2025-07-01;2025-12-31;83,9;reajuste_custo
1284;2026-01-01;2026-06-30;86,9;reajuste_custo
1284;2026-07-01;;88,9;reajuste_custo
1285;2024-10-01;2024-12-31;45,9;preco_inicial
1285;2025-01-01;2025-03-31;46,9;reajuste_custo
1285;2025-04-01;2025-06-30;47,9;reajuste_custo
1285;2025-07-01;2025-12-31;48,9;reajuste_custo
1285;2026-01-01;2026-03-31;49,9;reajuste_custo
1285;2026-04-01;;50,9;reajuste_custo
1286;2024-10-01;2024-12-31;47,9;preco_inicial
1286;2025-01-01;2025-03-31;48,9;reajuste_custo
1286;2025-04-01;2025-06-30;49,9;reajuste_custo
1286;2025-07-01;2026-03-31;50,9;reajuste_custo
1286;2026-04-01;;52,9;reajuste_custo
1287;2024-10-01;2025-03-31;66,9;preco_inicial
1287;2025-04-01;2025-09-30;68,9;reajuste_custo
1287;2025-10-01;2026-03-31;71,9;reajuste_custo
1287;2026-04-01;;73,9;reajuste_custo
1288;2024-10-01;2024-12-31;35,9;preco_inicial
1288;2025-01-01;2025-06-30;36,9;reajuste_custo
1288;2025-07-01;2025-09-30;37,9;reajuste_custo
1288;2025-10-01;2026-03-31;38,9;reajuste_custo
1288;2026-04-01;;39,9;reajuste_custo
1289;2024-10-01;2025-03-31;71,9;preco_inicial
1289;2025-04-01;2025-09-30;74,9;reajuste_custo
1289;2025-10-01;2026-03-31;76,9;reajuste_custo
1289;2026-04-01;;78,9;reajuste_custo
1290;2024-10-01;2024-12-31;47,9;preco_inicial
1290;2025-01-01;2025-03-31;48,9;reajuste_custo
1290;2025-04-01;2025-06-30;49,9;reajuste_custo
1290;2025-07-01;2026-03-31;50,9;reajuste_custo
1290;2026-04-01;;52,9;reajuste_custo
1291;2024-10-01;2024-12-31;94,9;preco_inicial
1291;2025-01-01;2025-05-31;96,9;reajuste_custo
1291;2025-06-01;2025-09-30;83,9;alinhamento_agressivo
1291;2025-10-01;2026-03-31;85,9;reajuste_custo
1291;2026-04-01;;88,9;reajuste_custo
1292;2024-10-01;2024-12-31;75,9;preco_inicial
1292;2025-01-01;2025-06-30;77,9;reajuste_custo
1292;2025-07-01;2025-12-31;79,9;reajuste_custo
1292;2026-01-01;2026-03-31;81,9;reajuste_custo
1292;2026-04-01;;83,9;reajuste_custo
1293;2024-10-01;2025-03-31;68,9;preco_inicial
1293;2025-04-01;2025-06-30;70,9;reajuste_custo
1293;2025-07-01;2025-12-31;72,9;reajuste_custo
1293;2026-01-01;2026-06-30;74,9;reajuste_custo
1293;2026-07-01;;76,9;reajuste_custo
1294;2024-10-01;2025-03-31;61,9;preco_inicial
1294;2025-04-01;2025-09-30;63,9;reajuste_custo
1294;2025-10-01;2026-03-31;65,9;reajuste_custo
1294;2026-04-01;;67,9;reajuste_custo
1295;2024-10-01;2024-12-31;44,9;preco_inicial
1295;2025-01-01;2025-03-31;45,9;reajuste_custo
1295;2025-04-01;2025-09-30;46,9;reajuste_custo
1295;2025-10-01;2025-12-31;47,9;reajuste_custo
1295;2026-01-01;2026-03-31;48,9;reajuste_custo
1295;2026-04-01;;49,9;reajuste_custo
1296;2024-10-01;2024-12-31;89,9;preco_inicial
1296;2025-01-01;2025-06-30;91,9;reajuste_custo
1296;2025-07-01;2025-12-31;94,9;reajuste_custo
1296;2026-01-01;2026-03-31;96,9;reajuste_custo
1296;2026-04-01;;98,9;reajuste_custo
1297;2024-10-01;2025-03-31;69,9;preco_inicial
1297;2025-04-01;2025-09-30;72,9;reajuste_custo
1297;2025-10-01;2026-03-31;74,9;reajuste_custo
1297;2026-04-01;;76,9;reajuste_custo
1298;2024-10-01;2025-03-31;67,9;preco_inicial
1298;2025-04-01;2025-05-31;69,9;reajuste_custo
1298;2025-06-01;2025-09-30;88,9;reposicionamento
1298;2025-10-01;2026-03-31;90,9;reajuste_custo
1298;2026-04-01;2026-06-30;92,9;reajuste_custo
1298;2026-07-01;;94,9;reajuste_custo
1299;2024-10-01;2025-03-31;129,9;preco_inicial
1299;2025-04-01;2025-09-30;133,9;reajuste_custo
1299;2025-10-01;2025-12-31;137,9;reajuste_custo
1299;2026-01-01;2026-06-30;140,9;reajuste_custo
1299;2026-07-01;;144,9;reajuste_custo
1300;2024-10-01;2025-03-31;69,9;preco_inicial
1300;2025-04-01;2025-09-30;72,9;reajuste_custo
1300;2025-10-01;2026-03-31;74,9;reajuste_custo
1300;2026-04-01;;76,9;reajuste_custo
1301;2024-10-01;2025-03-31;59,9;preco_inicial
1301;2025-04-01;2025-09-30;61,9;reajuste_custo
1301;2025-10-01;2026-03-31;68,9;reajuste_custo
1301;2026-04-01;;70,9;reajuste_custo
1302;2024-10-01;2024-12-31;96,9;preco_inicial
1302;2025-01-01;2025-06-30;98,9;reajuste_custo
1302;2025-07-01;2025-09-30;101,9;reajuste_custo
1302;2025-10-01;2026-03-31;111,9;reajuste_custo
1302;2026-04-01;;114,9;reajuste_custo
1303;2024-10-01;2025-03-31;64,9;preco_inicial
1303;2025-04-01;2025-09-30;66,9;reajuste_custo
1303;2025-10-01;2026-03-31;74,9;reajuste_custo
1303;2026-04-01;;76,9;reajuste_custo
1304;2024-10-01;2025-03-31;133,9;preco_inicial
1304;2025-04-01;2025-06-30;137,9;reajuste_custo
1304;2025-07-01;2025-09-30;140,9;reajuste_custo
1304;2025-10-01;2026-03-31;153,9;reajuste_custo
1304;2026-04-01;;158,9;reajuste_custo
1305;2024-10-01;2025-03-31;62,9;preco_inicial
1305;2025-04-01;2025-09-30;64,9;reajuste_custo
1305;2025-10-01;2026-03-31;72,9;reajuste_custo
1305;2026-04-01;;74,9;reajuste_custo
1306;2024-10-01;2024-12-31;97,9;preco_inicial
1306;2025-01-01;2025-06-30;99,9;reajuste_custo
1306;2025-07-01;2025-09-30;102,9;reajuste_custo
1306;2025-10-01;2026-03-31;112,9;reajuste_custo
1306;2026-04-01;;115,9;reajuste_custo
1307;2024-10-01;2024-12-31;88,9;preco_inicial
1307;2025-01-01;2025-05-31;90,9;reajuste_custo
1307;2025-06-01;2025-09-30;115,9;reposicionamento
1307;2025-10-01;2026-03-31;127,9;reajuste_custo
1307;2026-04-01;;131,9;reajuste_custo
1308;2024-10-01;2024-12-31;88,9;preco_inicial
1308;2025-01-01;2025-06-30;90,9;reajuste_custo
1308;2025-07-01;2025-09-30;92,9;reajuste_custo
1308;2025-10-01;2026-03-31;101,9;reajuste_custo
1308;2026-04-01;;105,9;reajuste_custo
1309;2024-10-01;2025-03-31;103,9;preco_inicial
1309;2025-04-01;2025-09-30;107,9;reajuste_custo
1309;2025-10-01;2026-03-31;119,9;reajuste_custo
1309;2026-04-01;;122,9;reajuste_custo
1310;2024-10-01;2025-03-31;133,9;preco_inicial
1310;2025-04-01;2025-06-30;137,9;reajuste_custo
1310;2025-07-01;2025-09-30;140,9;reajuste_custo
1310;2025-10-01;2026-03-31;153,9;reajuste_custo
1310;2026-04-01;;158,9;reajuste_custo
1311;2024-10-01;2025-03-31;57,9;preco_inicial
1311;2025-04-01;2025-09-30;59,9;reajuste_custo
1311;2025-10-01;2026-03-31;66,9;reajuste_custo
1311;2026-04-01;;68,9;reajuste_custo
1312;2024-10-01;2025-03-31;117,9;preco_inicial
1312;2025-04-01;2025-09-30;121,9;reajuste_custo
1312;2025-10-01;2026-03-31;135,9;reajuste_custo
1312;2026-04-01;;139,9;reajuste_custo
1313;2024-10-01;2025-03-31;114,9;preco_inicial
1313;2025-04-01;2025-09-30;118,9;reajuste_custo
1313;2025-10-01;2026-03-31;131,9;reajuste_custo
1313;2026-04-01;;135,9;reajuste_custo
1314;2024-10-01;2025-03-31;188,9;preco_inicial
1314;2025-04-01;2025-09-30;194,9;reajuste_custo
1314;2025-10-01;2026-03-31;216,9;reajuste_custo
1314;2026-04-01;;223,9;reajuste_custo
1315;2024-10-01;2025-03-31;68,9;preco_inicial
1315;2025-04-01;2025-05-31;70,9;reajuste_custo
1315;2025-06-01;2025-09-30;89,9;reposicionamento
1315;2025-10-01;2025-12-31;98,9;reajuste_custo
1315;2026-01-01;2026-06-30;100,9;reajuste_custo
1315;2026-07-01;;103,9;reajuste_custo
1316;2024-10-01;2024-12-31;80,9;preco_inicial
1316;2025-01-01;2025-06-30;82,9;reajuste_custo
1316;2025-07-01;2025-09-30;84,9;reajuste_custo
1316;2025-10-01;2025-12-31;92,9;reajuste_custo
1316;2026-01-01;2026-06-30;94,9;reajuste_custo
1316;2026-07-01;;97,9;reajuste_custo
1317;2024-10-01;2024-12-31;78,9;preco_inicial
1317;2025-01-01;2025-06-30;80,9;reajuste_custo
1317;2025-07-01;2025-09-30;82,9;reajuste_custo
1317;2025-10-01;2026-03-31;90,9;reajuste_custo
1317;2026-04-01;;93,9;reajuste_custo
1318;2024-10-01;2024-12-31;87,9;preco_inicial
1318;2025-01-01;2025-05-31;89,9;reajuste_custo
1318;2025-06-01;2025-09-30;77,9;alinhamento_agressivo
1318;2025-10-01;2026-03-31;85,9;reajuste_custo
1318;2026-04-01;;88,9;reajuste_custo
1319;2024-10-01;2025-03-31;64,9;preco_inicial
1319;2025-04-01;2025-09-30;66,9;reajuste_custo
1319;2025-10-01;2026-03-31;74,9;reajuste_custo
1319;2026-04-01;;76,9;reajuste_custo
1320;2024-10-01;2025-03-31;110,9;preco_inicial
1320;2025-04-01;2025-09-30;114,9;reajuste_custo
1320;2025-10-01;2026-03-31;127,9;reajuste_custo
1320;2026-04-01;;131,9;reajuste_custo
1321;2024-10-01;2025-03-31;55,9;preco_inicial
1321;2025-04-01;2025-09-30;57,9;reajuste_custo
1321;2025-10-01;2026-03-31;64,9;reajuste_custo
1321;2026-04-01;;66,9;reajuste_custo
1322;2024-10-01;2025-03-31;58,9;preco_inicial
1322;2025-04-01;2025-09-30;60,9;reajuste_custo
1322;2025-10-01;2026-03-31;67,9;reajuste_custo
1322;2026-04-01;;69,9;reajuste_custo
1323;2024-10-01;2025-03-31;259,9;preco_inicial
1323;2025-04-01;2025-09-30;267,9;reajuste_custo
1323;2025-10-01;2026-03-31;298,9;reajuste_custo
1323;2026-04-01;;307,9;reajuste_custo
1324;2024-10-01;2025-03-31;50,9;preco_inicial
1324;2025-04-01;2025-09-30;52,9;reajuste_custo
1324;2025-10-01;2026-03-31;58,9;reajuste_custo
1324;2026-04-01;;60,9;reajuste_custo
1325;2024-10-01;2024-12-31;45,9;preco_inicial
1325;2025-01-01;2025-03-31;46,9;reajuste_custo
1325;2025-04-01;2025-06-30;47,9;reajuste_custo
1325;2025-07-01;2025-09-30;48,9;reajuste_custo
1325;2025-10-01;2026-03-31;52,9;reajuste_custo
1325;2026-04-01;;54,9;reajuste_custo
1326;2024-10-01;2024-12-31;143,9;preco_inicial
1326;2025-01-01;2025-06-30;146,9;reajuste_custo
1326;2025-07-01;2025-09-30;150,9;reajuste_custo
1326;2025-10-01;2026-03-31;165,9;reajuste_custo
1326;2026-04-01;;170,9;reajuste_custo
1327;2024-10-01;2025-03-31;102,9;preco_inicial
1327;2025-04-01;2025-09-30;106,9;reajuste_custo
1327;2025-10-01;2026-03-31;117,9;reajuste_custo
1327;2026-04-01;;121,9;reajuste_custo
1328;2024-10-01;2024-12-31;79,9;preco_inicial
1328;2025-01-01;2025-06-30;81,9;reajuste_custo
1328;2025-07-01;2025-09-30;83,9;reajuste_custo
1328;2025-10-01;2025-12-31;91,9;reajuste_custo
1328;2026-01-01;2026-06-30;93,9;reajuste_custo
1328;2026-07-01;;95,9;reajuste_custo
1329;2024-10-01;2024-12-31;98,9;preco_inicial
1329;2025-01-01;2025-06-30;100,9;reajuste_custo
1329;2025-07-01;2025-09-30;103,9;reajuste_custo
1329;2025-10-01;2026-03-31;113,9;reajuste_custo
1329;2026-04-01;;116,9;reajuste_custo
1330;2024-10-01;2025-03-31;212,9;preco_inicial
1330;2025-04-01;2025-09-30;219,9;reajuste_custo
1330;2025-10-01;2026-03-31;244,9;reajuste_custo
1330;2026-04-01;;251,9;reajuste_custo
1331;2024-10-01;2025-03-31;109,9;preco_inicial
1331;2025-04-01;2025-09-30;113,9;reajuste_custo
1331;2025-10-01;2026-03-31;126,9;reajuste_custo
1331;2026-04-01;;129,9;reajuste_custo
1332;2024-10-01;2025-03-31;162,9;preco_inicial
1332;2025-04-01;2025-09-30;167,9;reajuste_custo
1332;2025-10-01;2026-03-31;186,9;reajuste_custo
1332;2026-04-01;;192,9;reajuste_custo
1333;2024-10-01;2025-03-31;65,9;preco_inicial
1333;2025-04-01;2025-09-30;67,9;reajuste_custo
1333;2025-10-01;2026-03-31;75,9;reajuste_custo
1333;2026-04-01;2026-06-30;77,9;reajuste_custo
1333;2026-07-01;;79,9;reajuste_custo
1334;2024-10-01;2024-12-31;75,9;preco_inicial
1334;2025-01-01;2025-06-30;77,9;reajuste_custo
1334;2025-07-01;2025-09-30;79,9;reajuste_custo
1334;2025-10-01;2026-03-31;87,9;reajuste_custo
1334;2026-04-01;2026-06-30;89,9;reajuste_custo
1334;2026-07-01;;91,9;reajuste_custo
1335;2024-10-01;2025-03-31;170,9;preco_inicial
1335;2025-04-01;2025-05-31;176,9;reajuste_custo
1335;2025-06-01;2025-09-30;151,9;alinhamento_agressivo
1335;2025-10-01;2026-03-31;166,9;reajuste_custo
1335;2026-04-01;;171,9;reajuste_custo
1336;2024-10-01;2024-12-31;76,9;preco_inicial
1336;2025-01-01;2025-06-30;78,9;reajuste_custo
1336;2025-07-01;2025-09-30;80,9;reajuste_custo
1336;2025-10-01;2026-03-31;88,9;reajuste_custo
1336;2026-04-01;2026-06-30;90,9;reajuste_custo
1336;2026-07-01;;92,9;reajuste_custo
1337;2024-10-01;2024-12-31;30,9;preco_inicial
1337;2025-01-01;2025-06-30;31,9;reajuste_custo
1337;2025-07-01;2025-09-30;32,9;reajuste_custo
1337;2025-10-01;2026-03-31;35,9;reajuste_custo
1337;2026-04-01;2026-06-30;36,9;reajuste_custo
1337;2026-07-01;;37,9;reajuste_custo
1338;2024-10-01;2024-12-31;81,9;preco_inicial
1338;2025-01-01;2025-06-30;83,9;reajuste_custo
1338;2025-07-01;2025-09-30;85,9;reajuste_custo
1338;2025-10-01;2025-12-31;93,9;reajuste_custo
1338;2026-01-01;2026-06-30;95,9;reajuste_custo
1338;2026-07-01;;98,9;reajuste_custo
1339;2024-10-01;2025-03-31;177,9;preco_inicial
1339;2025-04-01;2025-09-30;183,9;reajuste_custo
1339;2025-10-01;2026-03-31;203,9;reajuste_custo
1339;2026-04-01;;210,9;reajuste_custo
1340;2024-10-01;2025-03-31;66,9;preco_inicial
1340;2025-04-01;2025-09-30;68,9;reajuste_custo
1340;2025-10-01;2026-03-31;76,9;reajuste_custo
1340;2026-04-01;;79,9;reajuste_custo
1341;2024-10-01;2024-12-31;41,9;preco_inicial
1341;2025-01-01;2025-03-31;42,9;reajuste_custo
1341;2025-04-01;2025-09-30;43,9;reajuste_custo
1341;2025-10-01;2026-03-31;48,9;reajuste_custo
1341;2026-04-01;2026-06-30;49,9;reajuste_custo
1341;2026-07-01;;50,9;reajuste_custo
1342;2024-10-01;2025-03-31;50,9;preco_inicial
1342;2025-04-01;2025-09-30;52,9;reajuste_custo
1342;2025-10-01;2026-03-31;58,9;reajuste_custo
1342;2026-04-01;;60,9;reajuste_custo
1343;2024-10-01;2025-03-31;57,9;preco_inicial
1343;2025-04-01;2025-09-30;59,9;reajuste_custo
1343;2025-10-01;2026-03-31;66,9;reajuste_custo
1343;2026-04-01;;68,9;reajuste_custo
1344;2024-10-01;2024-12-31;26,9;preco_inicial
1344;2025-01-01;2025-06-30;27,9;reajuste_custo
1344;2025-07-01;2025-09-30;28,9;reajuste_custo
1344;2025-10-01;2025-12-31;30,9;reajuste_custo
1344;2026-01-01;2026-06-30;31,9;reajuste_custo
1344;2026-07-01;;32,9;reajuste_custo
1345;2024-10-01;2024-12-31;38,9;preco_inicial
1345;2025-01-01;2025-03-31;39,9;reajuste_custo
1345;2025-04-01;2025-09-30;40,9;reajuste_custo
1345;2025-10-01;2025-12-31;44,9;reajuste_custo
1345;2026-01-01;2026-06-30;45,9;reajuste_custo
1345;2026-07-01;;46,9;reajuste_custo
1346;2024-10-01;2024-12-31;74,9;preco_inicial
1346;2025-01-01;2025-06-30;76,9;reajuste_custo
1346;2025-07-01;2025-09-30;78,9;reajuste_custo
1346;2025-10-01;2025-12-31;85,9;reajuste_custo
1346;2026-01-01;2026-06-30;87,9;reajuste_custo
1346;2026-07-01;;89,9;reajuste_custo
1347;2024-10-01;2025-03-31;67,9;preco_inicial
1347;2025-04-01;2025-06-30;69,9;reajuste_custo
1347;2025-07-01;2025-09-30;71,9;reajuste_custo
1347;2025-10-01;2025-12-31;77,9;reajuste_custo
1347;2026-01-01;2026-06-30;79,9;reajuste_custo
1347;2026-07-01;;81,9;reajuste_custo
1348;2024-10-01;2025-03-31;57,9;preco_inicial
1348;2025-04-01;2025-05-31;59,9;reajuste_custo
1348;2025-06-01;2025-09-30;51,9;alinhamento_agressivo
1348;2025-10-01;2026-03-31;56,9;reajuste_custo
1348;2026-04-01;;58,9;reajuste_custo
1349;2024-10-01;2025-03-31;59,9;preco_inicial
1349;2025-04-01;2025-09-30;61,9;reajuste_custo
1349;2025-10-01;2026-03-31;68,9;reajuste_custo
1349;2026-04-01;;70,9;reajuste_custo
1350;2024-10-01;2025-03-31;64,9;preco_inicial
1350;2025-04-01;2025-09-30;66,9;reajuste_custo
1350;2025-10-01;2026-03-31;74,9;reajuste_custo
1350;2026-04-01;;76,9;reajuste_custo
1351;2024-10-01;2024-12-31;96,9;preco_inicial
1351;2025-01-01;2025-06-30;98,9;reajuste_custo
1351;2025-07-01;2025-09-30;101,9;reajuste_custo
1351;2025-10-01;2026-03-31;111,9;reajuste_custo
1351;2026-04-01;;114,9;reajuste_custo
1352;2024-10-01;2025-03-31;134,9;preco_inicial
1352;2025-04-01;2025-06-30;138,9;reajuste_custo
1352;2025-07-01;2025-09-30;141,9;reajuste_custo
1352;2025-10-01;2026-03-31;154,9;reajuste_custo
1352;2026-04-01;;159,9;reajuste_custo
1353;2024-10-01;2025-03-31;53,9;preco_inicial
1353;2025-04-01;2025-09-30;55,9;reajuste_custo
1353;2025-10-01;2026-03-31;61,9;reajuste_custo
1353;2026-04-01;;63,9;reajuste_custo
1354;2024-10-01;2025-03-31;129,9;preco_inicial
1354;2025-04-01;2025-09-30;133,9;reajuste_custo
1354;2025-10-01;2025-12-31;148,9;reajuste_custo
1354;2026-01-01;2026-06-30;151,9;reajuste_custo
1354;2026-07-01;;155,9;reajuste_custo
1355;2024-10-01;2025-03-31;63,9;preco_inicial
1355;2025-04-01;2025-09-30;65,9;reajuste_custo
1355;2025-10-01;2026-03-31;73,9;reajuste_custo
1355;2026-04-01;;75,9;reajuste_custo
1356;2024-10-01;2025-03-31;56,9;preco_inicial
1356;2025-04-01;2025-09-30;58,9;reajuste_custo
1356;2025-10-01;2026-03-31;65,9;reajuste_custo
1356;2026-04-01;;67,9;reajuste_custo
1357;2024-10-01;2025-03-31;57,9;preco_inicial
1357;2025-04-01;2025-09-30;59,9;reajuste_custo
1357;2025-10-01;2026-03-31;66,9;reajuste_custo
1357;2026-04-01;;68,9;reajuste_custo
1358;2024-10-01;2025-03-31;70,9;preco_inicial
1358;2025-04-01;2025-09-30;73,9;reajuste_custo
1358;2025-10-01;2026-03-31;81,9;reajuste_custo
1358;2026-04-01;2026-06-30;83,9;reajuste_custo
1358;2026-07-01;;85,9;reajuste_custo
1359;2024-10-01;2025-03-31;123,9;preco_inicial
1359;2025-04-01;2025-09-30;127,9;reajuste_custo
1359;2025-10-01;2026-03-31;142,9;reajuste_custo
1359;2026-04-01;;146,9;reajuste_custo
1360;2024-10-01;2024-12-31;81,9;preco_inicial
1360;2025-01-01;2025-06-30;83,9;reajuste_custo
1360;2025-07-01;2025-09-30;85,9;reajuste_custo
1360;2025-10-01;2025-12-31;93,9;reajuste_custo
1360;2026-01-01;2026-06-30;95,9;reajuste_custo
1360;2026-07-01;;98,9;reajuste_custo
1361;2024-10-01;2025-03-31;119,9;preco_inicial
1361;2025-04-01;2025-09-30;123,9;reajuste_custo
1361;2025-10-01;2026-03-31;137,9;reajuste_custo
1361;2026-04-01;;141,9;reajuste_custo
1362;2024-10-01;2025-03-31;163,9;preco_inicial
1362;2025-04-01;2025-05-31;168,9;reajuste_custo
1362;2025-06-01;2025-09-30;213,9;reposicionamento
1362;2025-10-01;2026-03-31;234,9;reajuste_custo
1362;2026-04-01;;242,9;reajuste_custo
1363;2024-10-01;2025-03-31;186,9;preco_inicial
1363;2025-04-01;2025-09-30;192,9;reajuste_custo
1363;2025-10-01;2026-03-31;214,9;reajuste_custo
1363;2026-04-01;;220,9;reajuste_custo
1364;2024-10-01;2025-03-31;128,9;preco_inicial
1364;2025-04-01;2025-09-30;132,9;reajuste_custo
1364;2025-10-01;2025-12-31;147,9;reajuste_custo
1364;2026-01-01;2026-06-30;150,9;reajuste_custo
1364;2026-07-01;;154,9;reajuste_custo
1365;2024-10-01;2024-12-31;85,9;preco_inicial
1365;2025-01-01;2025-06-30;87,9;reajuste_custo
1365;2025-07-01;2025-09-30;89,9;reajuste_custo
1365;2025-10-01;2026-03-31;98,9;reajuste_custo
1365;2026-04-01;;101,9;reajuste_custo
1366;2024-10-01;2025-03-31;119,9;preco_inicial
1366;2025-04-01;2025-09-30;123,9;reajuste_custo
1366;2025-10-01;2026-03-31;137,9;reajuste_custo
1366;2026-04-01;;141,9;reajuste_custo
1367;2024-10-01;2024-12-31;97,9;preco_inicial
1367;2025-01-01;2025-06-30;99,9;reajuste_custo
1367;2025-07-01;2025-09-30;102,9;reajuste_custo
1367;2025-10-01;2026-03-31;112,9;reajuste_custo
1367;2026-04-01;;115,9;reajuste_custo
1368;2024-10-01;2025-03-31;120,9;preco_inicial
1368;2025-04-01;2025-05-31;124,9;reajuste_custo
1368;2025-06-01;2025-09-30;157,9;reposicionamento
1368;2026-03-31;2025-10-01;173,9;reajuste_custo
1368;2026-04-01;;178,9;reajuste_custo
1369;2024-10-01;2024-12-31;82,9;preco_inicial
1369;2025-01-01;2025-05-31;84,9;reajuste_custo
1369;2025-06-01;2025-09-30;73,9;alinhamento_agressivo
1369;2025-10-01;2025-12-31;80,9;reajuste_custo
1369;2026-01-01;2026-06-30;82,9;reajuste_custo
1369;2026-07-01;;84,9;reajuste_custo
1370;2024-10-01;2024-12-31;30,9;preco_inicial
1370;2025-01-01;2025-06-30;31,9;reajuste_custo
1370;2025-07-01;2025-09-30;32,9;reajuste_custo
1370;2025-10-01;2026-03-31;35,9;reajuste_custo
1370;2026-04-01;2026-06-30;36,9;reajuste_custo
1370;2026-07-01;;37,9;reajuste_custo
1371;2024-10-01;2025-03-31;102,9;preco_inicial
1371;2025-04-01;2025-05-31;106,9;reajuste_custo
1371;2025-06-01;2025-09-30;133,9;reposicionamento
1371;2025-10-01;2026-03-31;147,9;reajuste_custo
1371;2026-04-01;;151,9;reajuste_custo
1372;2024-10-01;2024-12-31;95,9;preco_inicial
1372;2025-01-01;2025-06-30;97,9;reajuste_custo
1372;2025-07-01;2025-09-30;100,9;reajuste_custo
1372;2025-10-01;2026-03-31;109,9;reajuste_custo
1372;2026-04-01;;113,9;reajuste_custo
1373;2024-10-01;2024-12-31;84,9;preco_inicial
1373;2025-01-01;2025-06-30;86,9;reajuste_custo
1373;2025-07-01;2025-09-30;88,9;reajuste_custo
1373;2025-10-01;2026-03-31;97,9;reajuste_custo
1373;2026-04-01;;100,9;reajuste_custo
1374;2024-10-01;2024-12-31;138,9;preco_inicial
1374;2025-01-01;2025-05-31;141,9;reajuste_custo
1374;2025-06-01;2025-09-30;180,9;reposicionamento
1374;2025-10-01;2026-03-31;199,9;reajuste_custo
1374;2026-04-01;;205,9;reajuste_custo
1375;2024-10-01;2025-03-31;103,9;preco_inicial
1375;2025-04-01;2025-09-30;107,9;reajuste_custo
1375;2025-10-01;2026-03-31;119,9;reajuste_custo
1375;2026-04-01;;122,9;reajuste_custo
1376;2024-10-01;2024-12-31;27,9;preco_inicial
1376;2025-01-01;2025-06-30;28,9;reajuste_custo
1376;2025-07-01;2025-12-31;29,9;reajuste_custo
1376;2026-01-01;;30,9;reajuste_custo
1377;2024-10-01;2024-12-31;40,9;preco_inicial
1377;2025-01-01;2025-03-31;41,9;reajuste_custo
1377;2025-04-01;2025-09-30;42,9;reajuste_custo
1377;2025-10-01;2025-12-31;43,9;reajuste_custo
1377;2026-01-01;2026-06-30;44,9;reajuste_custo
1377;2026-07-01;;45,9;reajuste_custo
1378;2024-10-01;2024-12-31;17,9;preco_inicial
1378;2025-01-01;2025-05-31;18,9;reajuste_custo
1378;2025-06-01;2025-12-31;23,9;reposicionamento
1378;2026-01-01;;24,9;reajuste_custo
1379;2024-10-01;2024-12-31;44,9;preco_inicial
1379;2025-01-01;2025-03-31;45,9;reajuste_custo
1379;2025-04-01;2025-05-31;46,9;reajuste_custo
1379;2025-06-01;2025-09-30;39,9;alinhamento_agressivo
1379;2025-10-01;2025-12-31;40,9;reajuste_custo
1379;2026-01-01;2026-06-30;41,9;reajuste_custo
1379;2026-07-01;;42,9;reajuste_custo
1380;2024-10-01;2024-12-31;46,9;preco_inicial
1380;2025-01-01;2025-03-31;47,9;reajuste_custo
1380;2025-04-01;2025-06-30;48,9;reajuste_custo
1380;2025-07-01;2025-12-31;49,9;reajuste_custo
1380;2026-01-01;2026-06-30;50,9;reajuste_custo
1380;2026-07-01;;52,9;reajuste_custo
1381;2024-10-01;2024-12-31;42,9;preco_inicial
1381;2025-01-01;2025-03-31;43,9;reajuste_custo
1381;2025-04-01;2025-05-31;44,9;reajuste_custo
1381;2025-06-01;2025-06-30;37,9;alinhamento_agressivo
1381;2025-07-01;2025-12-31;38,9;reajuste_custo
1381;2026-01-01;2026-06-30;39,9;reajuste_custo
1381;2026-07-01;;40,9;reajuste_custo
1382;2024-10-01;2024-12-31;85,9;preco_inicial
1382;2025-01-01;2025-06-30;87,9;reajuste_custo
1382;2025-07-01;2025-09-30;89,9;reajuste_custo
1382;2025-10-01;2026-03-31;91,9;reajuste_custo
1382;2026-04-01;2026-06-30;93,9;reajuste_custo
1382;2026-07-01;;95,9;reajuste_custo
1383;2024-10-01;2024-12-31;22,9;preco_inicial
1383;2025-01-01;2025-09-30;23,9;reajuste_custo
1383;2025-10-01;2026-03-31;24,9;reajuste_custo
1383;2026-04-01;;25,9;reajuste_custo
1384;2024-10-01;2025-03-31;167,9;preco_inicial
1384;2025-04-01;2025-09-30;172,9;reajuste_custo
1384;2025-10-01;2026-03-31;178,9;reajuste_custo
1384;2026-04-01;;183,9;reajuste_custo
1385;2024-10-01;2024-12-31;30,9;preco_inicial
1385;2025-01-01;2025-06-30;31,9;reajuste_custo
1385;2025-07-01;2025-12-31;32,9;reajuste_custo
1385;2026-01-01;2026-06-30;33,9;reajuste_custo
1385;2026-07-01;;34,9;reajuste_custo
1386;2024-10-01;2024-12-31;31,9;preco_inicial
1386;2025-01-01;2025-06-30;32,9;reajuste_custo
1386;2025-07-01;2025-12-31;33,9;reajuste_custo
1386;2026-01-01;2026-06-30;34,9;reajuste_custo
1386;2026-07-01;;35,9;reajuste_custo
1387;2024-10-01;2024-12-31;29,9;preco_inicial
1387;2025-01-01;2025-06-30;30,9;reajuste_custo
1387;2025-07-01;2025-12-31;31,9;reajuste_custo
1387;2026-01-01;2026-06-30;32,9;reajuste_custo
1387;2026-07-01;;33,9;reajuste_custo
1388;2024-10-01;2025-03-31;112,9;preco_inicial
1388;2025-04-01;2025-09-30;116,9;reajuste_custo
1388;2025-10-01;2026-03-31;119,9;reajuste_custo
1388;2026-04-01;;123,9;reajuste_custo
1389;2024-10-01;2024-12-31;25,9;preco_inicial
1389;2025-01-01;2025-06-30;26,9;reajuste_custo
1389;2025-07-01;2026-03-31;27,9;reajuste_custo
1389;2026-04-01;;28,9;reajuste_custo
1390;2024-10-01;2024-12-31;18,9;preco_inicial
1390;2025-01-01;2025-05-31;19,9;reajuste_custo
1390;2025-06-01;2025-09-30;16,9;alinhamento_agressivo
1390;2025-10-01;;17,9;reajuste_custo
1391;2024-10-01;2024-12-31;47,9;preco_inicial
1391;2025-01-01;2025-03-31;48,9;reajuste_custo
1391;2025-04-01;2025-06-30;49,9;reajuste_custo
1391;2025-07-01;2026-03-31;50,9;reajuste_custo
1391;2026-04-01;;52,9;reajuste_custo
1392;2024-10-01;2024-12-31;47,9;preco_inicial
1392;2025-01-01;2025-03-31;48,9;reajuste_custo
1392;2025-04-01;2025-06-30;49,9;reajuste_custo
1392;2025-07-01;2026-03-31;50,9;reajuste_custo
1392;2026-04-01;;52,9;reajuste_custo
1393;2024-10-01;2025-03-31;64,9;preco_inicial
1393;2025-04-01;2025-09-30;66,9;reajuste_custo
1393;2025-10-01;2026-03-31;68,9;reajuste_custo
1393;2026-04-01;2026-06-30;70,9;reajuste_custo
1393;2026-07-01;;72,9;reajuste_custo
1394;2024-10-01;2024-12-31;74,9;preco_inicial
1394;2025-01-01;2025-06-30;76,9;reajuste_custo
1394;2025-07-01;2025-12-31;78,9;reajuste_custo
1394;2026-01-01;2026-06-30;80,9;reajuste_custo
1394;2026-07-01;;83,9;reajuste_custo
1395;2024-10-01;2024-12-31;32,9;preco_inicial
1395;2025-01-01;2025-06-30;33,9;reajuste_custo
1395;2025-07-01;2025-12-31;34,9;reajuste_custo
1395;2026-01-01;2026-06-30;35,9;reajuste_custo
1395;2026-07-01;;36,9;reajuste_custo
1396;2024-10-01;2025-03-31;116,9;preco_inicial
1396;2025-04-01;2025-09-30;120,9;reajuste_custo
1396;2025-10-01;2026-03-31;124,9;reajuste_custo
1396;2026-04-01;;127,9;reajuste_custo
1397;2024-10-01;2024-12-31;93,9;preco_inicial
1397;2025-01-01;2025-06-30;95,9;reajuste_custo
1397;2025-07-01;2025-12-31;98,9;reajuste_custo
1397;2026-01-01;2026-06-30;101,9;reajuste_custo
1397;2026-07-01;;104,9;reajuste_custo
1398;2024-10-01;2024-12-31;77,9;preco_inicial
1398;2025-01-01;2025-06-30;79,9;reajuste_custo
1398;2025-07-01;2025-12-31;81,9;reajuste_custo
1398;2026-01-01;2026-03-31;83,9;reajuste_custo
1398;2026-04-01;;85,9;reajuste_custo
1399;2024-10-01;2024-12-31;48,9;preco_inicial
1399;2025-01-01;2025-03-31;49,9;reajuste_custo
1399;2025-04-01;2025-05-31;50,9;reajuste_custo
1399;2025-06-01;2025-12-31;63,9;reposicionamento
1399;2026-01-01;2026-06-30;65,9;reajuste_custo
1399;2026-07-01;;67,9;reajuste_custo
1400;2024-10-01;2024-12-31;25,9;preco_inicial
1400;2025-01-01;2025-06-30;26,9;reajuste_custo
1400;2025-07-01;2026-03-31;27,9;reajuste_custo
1400;2026-04-01;;28,9;reajuste_custo
1401;2024-10-01;2025-03-31;127,9;preco_inicial
1401;2025-04-01;2025-09-30;131,9;reajuste_custo
1401;2025-10-01;2026-03-31;135,9;reajuste_custo
1401;2026-04-01;2026-06-30;139,9;reajuste_custo
1401;2026-07-01;;142,9;reajuste_custo
1402;2024-10-01;2024-12-31;38,9;preco_inicial
1402;2025-01-01;2025-03-31;39,9;reajuste_custo
1402;2025-04-01;2025-09-30;40,9;reajuste_custo
1402;2025-10-01;2026-03-31;41,9;reajuste_custo
1402;2026-04-01;2026-06-30;42,9;reajuste_custo
1402;2026-07-01;;43,9;reajuste_custo
1403;2024-10-01;2024-12-31;29,9;preco_inicial
1403;2025-01-01;2025-06-30;30,9;reajuste_custo
1403;2025-07-01;2025-12-31;31,9;reajuste_custo
1403;2026-01-01;2026-06-30;32,9;reajuste_custo
1403;2026-07-01;;33,9;reajuste_custo
1404;2024-10-01;2024-12-31;29,9;preco_inicial
1404;2025-01-01;2025-06-30;30,9;reajuste_custo
1404;2025-07-01;2025-12-31;31,9;reajuste_custo
1404;2026-01-01;2026-06-30;32,9;reajuste_custo
1404;2026-07-01;;33,9;reajuste_custo
1405;2024-10-01;2025-03-31;65,9;preco_inicial
1405;2025-04-01;2025-09-30;67,9;reajuste_custo
1405;2025-10-01;2025-12-31;69,9;reajuste_custo
1405;2026-01-01;2026-06-30;71,9;reajuste_custo
1405;2026-07-01;;73,9;reajuste_custo
1406;2024-10-01;2025-03-31;67,9;preco_inicial
1406;2025-04-01;2025-06-30;69,9;reajuste_custo
1406;2025-07-01;2025-12-31;71,9;reajuste_custo
1406;2026-01-01;2026-06-30;73,9;reajuste_custo
1406;2026-07-01;;75,9;reajuste_custo
1407;2024-10-01;2024-12-31;17,9;preco_inicial
1407;2025-01-01;2025-09-30;18,9;reajuste_custo
1407;2025-10-01;;19,9;reajuste_custo
1408;2024-10-01;2024-12-31;18,9;preco_inicial
1408;2025-01-01;2025-09-30;19,9;reajuste_custo
1408;2025-10-01;;20,9;reajuste_custo
1409;2024-10-01;2024-12-31;22,9;preco_inicial
1409;2025-01-01;2025-09-30;23,9;reajuste_custo
1409;2025-10-01;2026-03-31;24,9;reajuste_custo
1409;2026-04-01;;25,9;reajuste_custo
1410;2024-10-01;2024-12-31;26,9;preco_inicial
1410;2025-01-01;2025-06-30;27,9;reajuste_custo
1410;2025-07-01;2026-03-31;28,9;reajuste_custo
1410;2026-04-01;;29,9;reajuste_custo
1411;2024-10-01;2025-03-31;52,9;preco_inicial
1411;2025-04-01;2025-09-30;54,9;reajuste_custo
1411;2025-10-01;2026-06-30;56,9;reajuste_custo
1411;2026-07-01;;58,9;reajuste_custo
1412;2024-10-01;2024-12-31;26,9;preco_inicial
1412;2025-01-01;2025-06-30;27,9;reajuste_custo
1412;2025-07-01;2026-03-31;28,9;reajuste_custo
1412;2026-04-01;;29,9;reajuste_custo
1413;2024-10-01;2025-03-31;108,9;preco_inicial
1413;2025-04-01;2025-09-30;112,9;reajuste_custo
1413;2025-10-01;2026-03-31;115,9;reajuste_custo
1413;2026-04-01;;119,9;reajuste_custo
1414;2024-10-01;2024-12-31;32,9;preco_inicial
1414;2025-01-01;2025-06-30;0,0;reajuste_custo
1414;2025-07-01;2025-12-31;34,9;reajuste_custo
1414;2026-01-01;2026-06-30;35,9;reajuste_custo
1414;2026-07-01;;36,9;reajuste_custo
1415;2024-10-01;2024-12-31;20,9;preco_inicial
1415;2025-01-01;2025-05-31;21,9;reajuste_custo
1415;2025-06-01;2025-12-31;18,9;alinhamento_agressivo
1415;2026-01-01;;19,9;reajuste_custo
1416;2024-10-01;2024-12-31;19,9;preco_inicial
1416;2025-01-01;2025-09-30;20,9;reajuste_custo
1416;2025-10-01;2026-06-30;21,9;reajuste_custo
1416;2026-07-01;;22,9;reajuste_custo
1417;2024-10-01;2025-03-31;54,9;preco_inicial
1417;2025-04-01;2025-09-30;56,9;reajuste_custo
1417;2025-10-01;2026-03-31;58,9;reajuste_custo
1417;2026-04-01;;60,9;reajuste_custo
1418;2024-10-01;2025-03-31;58,9;preco_inicial
1418;2025-04-01;2025-09-30;60,9;reajuste_custo
1418;2025-10-01;2026-03-31;62,9;reajuste_custo
1418;2026-04-01;;64,9;reajuste_custo
1419;2024-10-01;2024-12-31;27,9;preco_inicial
1419;2025-01-01;2025-05-31;28,9;reajuste_custo
1419;2025-06-01;2025-09-30;36,9;reposicionamento
1419;2025-10-01;2026-03-31;37,9;reajuste_custo
1419;2026-04-01;;38,9;reajuste_custo
1420;2024-10-01;2024-12-31;27,9;preco_inicial
1420;2025-01-01;2025-06-30;28,9;reajuste_custo
1420;2025-07-01;2025-12-31;29,9;reajuste_custo
1420;2026-01-01;;30,9;reajuste_custo
1421;2024-10-01;2024-12-31;40,9;preco_inicial
1421;2025-01-01;2025-03-31;41,9;reajuste_custo
1421;2025-04-01;2025-09-30;42,9;reajuste_custo
1421;2025-10-01;2025-12-31;43,9;reajuste_custo
1421;2026-01-01;2026-06-30;44,9;reajuste_custo
1421;2026-07-01;;45,9;reajuste_custo
1422;2024-10-01;2025-03-31;59,9;preco_inicial
1422;2025-04-01;2025-09-30;61,9;reajuste_custo
1422;2025-10-01;2026-03-31;63,9;reajuste_custo
1422;2026-04-01;;65,9;reajuste_custo
1423;2024-10-01;2024-12-31;45,9;preco_inicial
1423;2025-01-01;2025-03-31;46,9;reajuste_custo
1423;2025-04-01;2025-05-31;47,9;reajuste_custo
1423;2025-06-01;2025-09-30;40,9;alinhamento_agressivo
1423;2025-10-01;2025-12-31;41,9;reajuste_custo
1423;2026-01-01;2026-06-30;42,9;reajuste_custo
1423;2026-07-01;;43,9;reajuste_custo
1424;2024-10-01;2024-12-31;18,9;preco_inicial
1424;2025-01-01;2025-09-30;19,9;reajuste_custo
1424;2025-10-01;;20,9;reajuste_custo
1425;2024-10-01;2024-12-31;7,9;preco_inicial
1425;2025-01-01;;8,9;reajuste_custo
1426;2024-10-01;2024-12-31;42,9;preco_inicial
1426;2025-01-01;2025-03-31;43,9;reajuste_custo
1426;2025-04-01;2025-05-31;44,9;reajuste_custo
1426;2025-06-01;2025-06-30;37,9;alinhamento_agressivo
1426;2025-07-01;2025-12-31;38,9;reajuste_custo
1426;2026-01-01;2026-06-30;39,9;reajuste_custo
1426;2026-07-01;;40,9;reajuste_custo
1427;2024-10-01;2024-12-31;79,9;preco_inicial
1427;2025-01-01;2025-06-30;81,9;reajuste_custo
1427;2025-07-01;2025-12-31;83,9;reajuste_custo
1427;2026-01-01;2026-06-30;86,9;reajuste_custo
1427;2026-07-01;;88,9;reajuste_custo
1428;2024-10-01;2025-03-31;58,9;preco_inicial
1428;2025-04-01;2025-09-30;60,9;reajuste_custo
1428;2025-10-01;2026-03-31;62,9;reajuste_custo
1428;2026-04-01;;64,9;reajuste_custo
1429;2024-10-01;2024-12-31;27,9;preco_inicial
1429;2025-01-01;2025-05-31;28,9;reajuste_custo
1429;2025-06-01;2025-09-30;24,9;alinhamento_agressivo
1429;2025-10-01;2026-06-30;25,9;reajuste_custo
1429;2026-07-01;;26,9;reajuste_custo
1430;2024-10-01;2024-12-31;78,9;preco_inicial
1430;2025-01-01;2025-06-30;80,9;reajuste_custo
1430;2025-07-01;2025-12-31;82,9;reajuste_custo
1430;2026-01-01;2026-06-30;85,9;reajuste_custo
1430;2026-07-01;;87,9;reajuste_custo
1431;2024-10-01;2024-12-31;18,9;preco_inicial
1431;2025-01-01;2025-09-30;19,9;reajuste_custo
1431;2025-10-01;;20,9;reajuste_custo
1432;2024-10-01;2024-12-31;38,9;preco_inicial
1432;2025-01-01;2025-03-31;39,9;reajuste_custo
1432;2025-04-01;2025-09-30;40,9;reajuste_custo
1432;2025-10-01;2026-03-31;41,9;reajuste_custo
1432;2026-04-01;2026-06-30;42,9;reajuste_custo
1432;2026-07-01;;43,9;reajuste_custo
1433;2024-10-01;2025-03-31;101,9;preco_inicial
1433;2025-04-01;2025-09-30;104,9;reajuste_custo
1433;2025-10-01;2026-03-31;108,9;reajuste_custo
1433;2026-04-01;;111,9;reajuste_custo
1434;2024-10-01;2024-12-31;23,9;preco_inicial
1434;2025-01-01;2025-09-30;24,9;reajuste_custo
1434;2025-10-01;2026-03-31;25,9;reajuste_custo
1434;2026-04-01;;26,9;reajuste_custo
1435;2024-10-01;2024-12-31;16,9;preco_inicial
1435;2025-01-01;2025-05-31;17,9;reajuste_custo
1435;2025-06-01;2025-06-30;14,9;alinhamento_agressivo
1435;2025-07-01;;15,9;reajuste_custo
1436;2024-10-01;2025-03-31;171,9;preco_inicial
1436;2025-04-01;2025-09-30;177,9;reajuste_custo
1436;2025-10-01;2026-03-31;182,9;reajuste_custo
1436;2026-04-01;;188,9;reajuste_custo
1437;2024-10-01;2024-12-31;81,9;preco_inicial
1437;2025-01-01;2025-06-30;83,9;reajuste_custo
1437;2025-07-01;2025-12-31;85,9;reajuste_custo
1437;2026-01-01;2026-06-30;88,9;reajuste_custo
1437;2026-07-01;;90,9;reajuste_custo
1438;2024-10-01;2025-03-31;51,9;preco_inicial
1438;2025-04-01;2025-09-30;53,9;reajuste_custo
1438;2025-10-01;2026-06-30;55,9;reajuste_custo
1438;2026-07-01;;57,9;reajuste_custo
1439;2024-10-01;2024-12-31;49,9;preco_inicial
1439;2025-01-01;2025-06-30;50,9;reajuste_custo
1439;2025-07-01;2026-03-31;52,9;reajuste_custo
1439;2026-04-01;;54,9;reajuste_custo
1440;2024-10-01;2024-12-31;45,9;preco_inicial
1440;2025-01-01;2025-03-31;46,9;reajuste_custo
1440;2025-04-01;2025-06-30;47,9;reajuste_custo
1440;2025-07-01;2025-12-31;48,9;reajuste_custo
1440;2026-01-01;2026-03-31;49,9;reajuste_custo
1440;2026-04-01;;50,9;reajuste_custo
1441;2024-10-01;2024-12-31;32,9;preco_inicial
1441;2025-01-01;2025-06-30;33,9;reajuste_custo
1441;2025-07-01;2025-12-31;34,9;reajuste_custo
1441;2026-01-01;2026-06-30;35,9;reajuste_custo
1441;2026-07-01;;36,9;reajuste_custo
1442;2024-10-01;2024-12-31;73,9;preco_inicial
1442;2025-01-01;2025-06-30;75,9;reajuste_custo
1442;2025-07-01;2025-12-31;77,9;reajuste_custo
1442;2026-01-01;2026-06-30;79,9;reajuste_custo
1442;2026-07-01;;82,9;reajuste_custo
1443;2024-10-01;2024-12-31;30,9;preco_inicial
1443;2025-01-01;2025-06-30;31,9;reajuste_custo
1443;2025-07-01;2025-12-31;32,9;reajuste_custo
1443;2026-01-01;2026-06-30;33,9;reajuste_custo
1443;2026-07-01;;34,9;reajuste_custo
1444;2024-10-01;2024-12-31;35,9;preco_inicial
1444;2025-01-01;2025-06-30;36,9;reajuste_custo
1444;2025-07-01;2025-09-30;37,9;reajuste_custo
1444;2025-10-01;2026-03-31;38,9;reajuste_custo
1444;2026-04-01;;39,9;reajuste_custo
1445;2024-10-01;2024-12-31;43,9;preco_inicial
1445;2025-01-01;2025-03-31;44,9;reajuste_custo
1445;2025-09-30;2025-04-01;45,9;reajuste_custo
1445;2025-10-01;2025-12-31;46,9;reajuste_custo
1445;2026-01-01;2026-03-31;47,9;reajuste_custo
1445;2026-04-01;;48,9;reajuste_custo
1446;2024-10-01;2024-12-31;21,9;preco_inicial
1446;2025-01-01;2025-09-30;22,9;reajuste_custo
1446;2025-10-01;2026-06-30;23,9;reajuste_custo
1446;2026-07-01;;24,9;reajuste_custo
1447;2024-10-01;2025-03-31;61,9;preco_inicial
1447;2025-04-01;2025-09-30;63,9;reajuste_custo
1447;2025-10-01;2026-03-31;65,9;reajuste_custo
1447;2026-04-01;;67,9;reajuste_custo
1448;2024-10-01;2025-03-31;71,9;preco_inicial
1448;2025-04-01;2025-09-30;74,9;reajuste_custo
1448;2025-10-01;2026-03-31;76,9;reajuste_custo
1448;2026-04-01;;78,9;reajuste_custo
1449;2024-10-01;2025-03-31;57,9;preco_inicial
1449;2025-04-01;2025-05-31;59,9;reajuste_custo
1449;2025-06-01;2025-12-31;51,9;alinhamento_agressivo
1449;2026-01-01;;53,9;reajuste_custo
1450;2024-10-01;2025-03-31;67,9;preco_inicial
1450;2025-04-01;2025-06-30;69,9;reajuste_custo
1450;2025-07-01;2025-12-31;71,9;reajuste_custo
1450;2026-01-01;2026-06-30;73,9;reajuste_custo
1450;2026-07-01;;75,9;reajuste_custo
1451;2024-10-01;2025-03-31;184,9;preco_inicial
1451;2025-04-01;2025-05-31;190,9;reajuste_custo
1451;2025-06-01;2025-09-30;240,9;reposicionamento
1451;2025-10-01;2026-03-31;245,9;reajuste_custo
1451;2026-04-01;;252,9;reajuste_custo
1452;2024-10-01;2025-03-31;134,9;preco_inicial
1452;2025-04-01;2025-05-31;138,9;reajuste_custo
1452;2025-06-01;2025-09-30;175,9;reposicionamento
1452;2025-10-01;2026-03-31;179,9;reajuste_custo
1452;2026-04-01;;184,9;reajuste_custo
1453;2024-10-01;2025-03-31;134,9;preco_inicial
1453;2025-04-01;2025-05-31;138,9;reajuste_custo
1453;2025-06-01;2025-09-30;175,9;reposicionamento
1453;2025-10-01;2026-03-31;179,9;reajuste_custo
1453;2026-04-01;;184,9;reajuste_custo
1454;2024-10-01;2025-03-31;67,9;preco_inicial
1454;2025-04-01;2025-06-30;69,9;reajuste_custo
1454;2025-07-01;2025-12-31;71,9;reajuste_custo
1454;2026-01-01;2026-06-30;73,9;reajuste_custo
1454;2026-07-01;;75,9;reajuste_custo
1455;2024-10-01;2025-03-31;864,9;preco_inicial
1455;2025-04-01;2025-05-31;891,9;reajuste_custo
1455;2025-06-01;2025-12-31;1125,9;reposicionamento
1455;2026-01-01;2026-06-30;1165,9;reajuste_custo
1455;2026-07-01;;1200,9;reajuste_custo
1456;2024-10-01;2025-03-31;369,9;preco_inicial
1456;2025-04-01;2025-09-30;381,9;reajuste_custo
1456;2025-10-01;2026-03-31;392,9;reajuste_custo
1456;2026-04-01;;404,9;reajuste_custo
1457;2024-10-01;2025-03-31;71,9;preco_inicial
1457;2025-04-01;2025-09-30;74,9;reajuste_custo
1457;2025-10-01;2026-03-31;76,9;reajuste_custo
1457;2026-04-01;;78,9;reajuste_custo
1458;2024-10-01;2025-03-31;161,9;preco_inicial
1458;2025-04-01;2025-09-30;166,9;reajuste_custo
1458;2025-10-01;2026-03-31;171,9;reajuste_custo
1458;2026-04-01;;177,9;reajuste_custo
1459;2024-10-01;2024-12-31;48,9;preco_inicial
1459;2025-01-01;2025-03-31;49,9;reajuste_custo
1459;2025-04-01;2025-12-31;50,9;reajuste_custo
1459;2026-01-01;2026-06-30;52,9;reajuste_custo
1459;2026-07-01;;54,9;reajuste_custo
1460;2024-10-01;2025-03-31;194,9;preco_inicial
1460;2025-04-01;2025-05-31;200,9;reajuste_custo
1460;2025-06-01;2025-12-31;172,9;alinhamento_agressivo
1460;2026-01-01;2026-06-30;178,9;reajuste_custo
1460;2026-07-01;;183,9;reajuste_custo
1461;2024-10-01;2025-03-31;162,9;preco_inicial
1461;2025-04-01;2025-05-31;167,9;reajuste_custo
1461;2025-06-01;2025-09-30;144,9;alinhamento_agressivo
1461;2025-10-01;2026-03-31;147,9;reajuste_custo
1461;2026-04-01;;151,9;reajuste_custo
1462;2024-10-01;2024-12-31;36,9;preco_inicial
1462;2025-01-01;2025-03-31;37,9;reajuste_custo
1462;2025-04-01;2025-05-31;38,9;reajuste_custo
1462;2025-06-01;2025-09-30;32,9;alinhamento_agressivo
1462;2025-10-01;2026-03-31;33,9;reajuste_custo
1462;2026-04-01;;34,9;reajuste_custo
1463;2024-10-01;2024-12-31;96,9;preco_inicial
1463;2025-01-01;2025-06-30;98,9;reajuste_custo
1463;2025-07-01;2025-12-31;101,9;reajuste_custo
1463;2026-01-01;2026-06-30;104,9;reajuste_custo
1463;2026-07-01;;107,9;reajuste_custo
1464;2024-10-01;2024-12-31;138,9;preco_inicial
1464;2025-01-01;2025-05-31;141,9;reajuste_custo
1464;2025-06-01;2025-09-30;180,9;reposicionamento
1464;2025-10-01;2026-03-31;184,9;reajuste_custo
1464;2026-04-01;;189,9;reajuste_custo
1465;2024-10-01;2025-03-31;104,9;preco_inicial
1465;2025-04-01;2025-09-30;108,9;reajuste_custo
1465;2025-10-01;2026-03-31;111,9;reajuste_custo
1465;2026-04-01;;114,9;reajuste_custo
1466;2024-10-01;2025-03-31;532,9;preco_inicial
1466;2025-04-01;2025-09-30;549,9;reajuste_custo
1466;2025-10-01;2026-03-31;565,9;reajuste_custo
1466;2026-04-01;;582,9;reajuste_custo
1467;2024-10-01;2025-03-31;65,9;preco_inicial
1467;2025-04-01;2025-09-30;67,9;reajuste_custo
1467;2025-10-01;2025-12-31;69,9;reajuste_custo
1467;2026-01-01;2026-06-30;71,9;reajuste_custo
1467;2026-07-01;;73,9;reajuste_custo
1468;2024-10-01;2025-03-31;52,9;preco_inicial
1468;2025-04-01;2025-09-30;54,9;reajuste_custo
1468;2025-10-01;2026-06-30;56,9;reajuste_custo
1468;2026-07-01;;58,9;reajuste_custo
1469;2024-10-01;2025-03-31;50,9;preco_inicial
1469;2025-04-01;2025-09-30;52,9;reajuste_custo
1469;2025-10-01;2026-06-30;54,9;reajuste_custo
1469;2026-07-01;;56,9;reajuste_custo
1470;2024-10-01;2025-03-31;53,9;preco_inicial
1470;2025-04-01;2025-09-30;55,9;reajuste_custo
1470;2025-10-01;2026-06-30;57,9;reajuste_custo
1470;2026-07-01;;59,9;reajuste_custo
1471;2024-10-01;2025-03-31;201,9;preco_inicial
1471;2025-04-01;2025-09-30;208,9;reajuste_custo
1471;2025-10-01;2026-03-31;214,9;reajuste_custo
1471;2026-04-01;;220,9;reajuste_custo
1472;2024-10-01;2025-03-31;106,9;preco_inicial
1472;2025-04-01;2025-09-30;110,9;reajuste_custo
1472;2025-10-01;2026-03-31;113,9;reajuste_custo
1472;2026-04-01;;116,9;reajuste_custo
1473;2024-10-01;2025-03-31;100,9;preco_inicial
1473;2025-04-01;2025-09-30;103,9;reajuste_custo
1473;2025-10-01;2026-03-31;107,9;reajuste_custo
1473;2026-04-01;;110,9;reajuste_custo
1474;2024-10-01;2024-12-31;25,9;preco_inicial
1474;2025-01-01;2025-05-31;26,9;reajuste_custo
1474;2025-06-01;2025-09-30;33,9;reposicionamento
1474;2025-10-01;2026-03-31;34,9;reajuste_custo
1474;2026-04-01;;35,9;reajuste_custo
1475;2024-10-01;2025-03-31;173,9;preco_inicial
1475;2025-04-01;2025-09-30;179,9;reajuste_custo
1475;2025-10-01;2026-03-31;184,9;reajuste_custo
1475;2026-04-01;;190,9;reajuste_custo
1476;2024-10-01;2024-12-31;74,9;preco_inicial
1476;2025-01-01;2025-06-30;76,9;reajuste_custo
1476;2025-07-01;2025-12-31;78,9;reajuste_custo
1476;2026-01-01;2026-06-30;80,9;reajuste_custo
1476;2026-07-01;;83,9;reajuste_custo
1477;2024-10-01;2025-03-31;166,9;preco_inicial
1477;2025-04-01;2025-09-30;171,9;reajuste_custo
1477;2025-10-01;2026-03-31;177,9;reajuste_custo
1477;2026-04-01;;182,9;reajuste_custo
1478;2024-10-01;2025-03-31;214,9;preco_inicial
1478;2025-04-01;2025-09-30;221,9;reajuste_custo
1478;2025-10-01;2026-03-31;228,9;reajuste_custo
1478;2026-04-01;;235,9;reajuste_custo
1479;2024-10-01;2024-12-31;74,9;preco_inicial
1479;2025-01-01;2025-05-31;76,9;reajuste_custo
1479;2025-06-01;2025-12-31;66,9;alinhamento_agressivo
1479;2026-01-01;2026-06-30;68,9;reajuste_custo
1479;2026-07-01;;70,9;reajuste_custo
1480;2024-10-01;2024-12-31;90,9;preco_inicial
1480;2025-01-01;2025-05-31;92,9;reajuste_custo
1480;2025-06-01;2025-09-30;80,9;alinhamento_agressivo
1480;2025-10-01;2026-03-31;82,9;reajuste_custo
1480;2026-04-01;;84,9;reajuste_custo
1481;2024-10-01;2025-03-31;191,9;preco_inicial
1481;2025-04-01;2025-09-30;197,9;reajuste_custo
1481;2025-10-01;2026-03-31;203,9;reajuste_custo
1481;2026-04-01;;209,9;reajuste_custo
1482;2024-10-01;2025-03-31;106,9;preco_inicial
1482;2025-04-01;2025-09-30;110,9;reajuste_custo
1482;2025-10-01;2026-03-31;113,9;reajuste_custo
1482;2026-04-01;;116,9;reajuste_custo
1483;2024-10-01;2024-12-31;138,9;preco_inicial
1483;2025-01-01;2025-06-30;141,9;reajuste_custo
1483;2025-07-01;2025-12-31;145,9;reajuste_custo
1483;2026-01-01;2026-06-30;149,9;reajuste_custo
1483;2026-07-01;;154,9;reajuste_custo
1484;2024-10-01;2024-12-31;37,9;preco_inicial
1484;2025-01-01;2025-03-31;38,9;reajuste_custo
1484;2025-04-01;2025-09-30;39,9;reajuste_custo
1484;2025-10-01;2026-03-31;40,9;reajuste_custo
1484;2026-04-01;2026-06-30;41,9;reajuste_custo
1484;2026-07-01;;42,9;reajuste_custo
1485;2024-10-01;2024-12-31;148,9;preco_inicial
1485;2025-01-01;2025-06-30;151,9;reajuste_custo
1485;2025-07-01;2025-12-31;155,9;reajuste_custo
1485;2026-01-01;2026-06-30;160,9;reajuste_custo
1485;2026-07-01;;165,9;reajuste_custo
1486;2024-10-01;2025-03-31;68,9;preco_inicial
1486;2025-04-01;2025-06-30;70,9;reajuste_custo
1486;2025-07-01;2025-12-31;72,9;reajuste_custo
1486;2026-01-01;2026-06-30;74,9;reajuste_custo
1486;2026-07-01;;76,9;reajuste_custo
1487;2024-10-01;2025-03-31;136,9;preco_inicial
1487;2025-04-01;2025-09-30;141,9;reajuste_custo
1487;2025-10-01;2026-03-31;145,9;reajuste_custo
1487;2026-04-01;2026-06-30;149,9;reajuste_custo
1487;2026-07-01;;152,9;reajuste_custo
1488;2024-10-01;2024-12-31;32,9;preco_inicial
1488;2025-01-01;2025-06-30;33,9;reajuste_custo
1488;2025-07-01;2025-12-31;34,9;reajuste_custo
1488;2026-01-01;2026-06-30;35,9;reajuste_custo
1488;2026-07-01;;36,9;reajuste_custo
1489;2024-10-01;2025-03-31;52,9;preco_inicial
1489;2025-04-01;2025-09-30;54,9;reajuste_custo
1489;2025-10-01;2026-06-30;56,9;reajuste_custo
1489;2026-07-01;;58,9;reajuste_custo
1490;2024-10-01;2024-12-31;141,9;preco_inicial
1490;2025-01-01;2025-06-30;144,9;reajuste_custo
1490;2025-07-01;2025-12-31;148,9;reajuste_custo
1490;2026-01-01;2026-06-30;152,9;reajuste_custo
1490;2026-07-01;;157,9;reajuste_custo
1491;2024-10-01;2025-03-31;56,9;preco_inicial
1491;2025-04-01;2025-05-31;58,9;reajuste_custo
1491;2025-06-01;2025-12-31;74,9;reposicionamento
1491;2026-01-01;2026-06-30;76,9;reajuste_custo
1491;2026-07-01;;78,9;reajuste_custo
1492;2024-10-01;2024-12-31;76,9;preco_inicial
1492;2025-01-01;2025-06-30;78,9;reajuste_custo
1492;2025-07-01;2025-12-31;80,9;reajuste_custo
1492;2026-01-01;2026-03-31;82,9;reajuste_custo
1492;2026-04-01;;84,9;reajuste_custo
1493;2024-10-01;2025-03-31;190,9;preco_inicial
1493;2025-04-01;2025-09-30;196,9;reajuste_custo
1493;2025-10-01;2026-03-31;202,9;reajuste_custo
1493;2026-04-01;;208,9;reajuste_custo
1494;2024-10-01;2024-12-31;76,9;preco_inicial
1494;2025-01-01;2025-06-30;78,9;reajuste_custo
1494;2025-07-01;2025-12-31;80,9;reajuste_custo
1494;2026-01-01;2026-03-31;82,9;reajuste_custo
1494;2026-04-01;;84,9;reajuste_custo
1495;2024-10-01;2025-03-31;104,9;preco_inicial
1495;2025-04-01;2025-09-30;108,9;reajuste_custo
1495;2025-10-01;2026-03-31;111,9;reajuste_custo
1495;2026-04-01;;114,9;reajuste_custo
1496;2024-10-01;2025-03-31;169,9;preco_inicial
1496;2025-04-01;2025-09-30;175,9;reajuste_custo
1496;2025-10-01;2026-03-31;180,9;reajuste_custo
1496;2026-04-01;;185,9;reajuste_custo
1497;2024-10-01;2024-12-31;44,9;preco_inicial
1497;2025-01-01;2025-03-31;45,9;reajuste_custo
1497;2025-04-01;2025-09-30;46,9;reajuste_custo
1497;2025-10-01;2025-12-31;47,9;reajuste_custo
1497;2026-01-01;2026-03-31;48,9;reajuste_custo
1497;2026-04-01;;49,9;reajuste_custo
1498;2024-10-01;2025-03-31;108,9;preco_inicial
1498;2025-04-01;2025-09-30;112,9;reajuste_custo
1498;2025-10-01;2026-03-31;115,9;reajuste_custo
1498;2026-04-01;;119,9;reajuste_custo
1499;2024-10-01;2025-03-31;71,9;preco_inicial
1499;2025-04-01;2025-09-30;74,9;reajuste_custo
1499;2025-10-01;2026-03-31;76,9;reajuste_custo
1499;2026-04-01;;78,9;reajuste_custo
1500;2024-10-01;2025-03-31;58,9;preco_inicial
1500;2025-04-01;2025-09-30;60,9;reajuste_custo
1500;2025-10-01;2026-03-31;62,9;reajuste_custo
1500;2026-04-01;;64,9;reajuste_custo
1501;2024-10-01;2024-12-31;38,9;preco_inicial
1501;2025-01-01;2025-03-31;39,9;reajuste_custo
1501;2025-04-01;2025-09-30;40,9;reajuste_custo
1501;2025-10-01;2026-03-31;41,9;reajuste_custo
1501;2026-04-01;2026-06-30;42,9;reajuste_custo
1501;2026-07-01;;43,9;reajuste_custo
1502;2024-10-01;2025-03-31;184,9;preco_inicial
1502;2025-04-01;2025-09-30;190,9;reajuste_custo
1502;2025-10-01;2026-03-31;196,9;reajuste_custo
1502;2026-04-01;;202,9;reajuste_custo
1503;2024-10-01;2024-12-31;23,9;preco_inicial
1503;2025-01-01;2025-09-30;24,9;reajuste_custo
1503;2025-10-01;2026-03-31;25,9;reajuste_custo
1503;2026-04-01;;26,9;reajuste_custo
1504;2024-10-01;2025-03-31;276,9;preco_inicial
1504;2025-04-01;2025-09-30;285,9;reajuste_custo
1504;2025-10-01;2026-03-31;293,9;reajuste_custo
1504;2026-04-01;;302,9;reajuste_custo
1505;2024-10-01;2024-12-31;42,9;preco_inicial
1505;2025-01-01;2025-03-31;43,9;reajuste_custo
1505;2025-04-01;2025-05-31;44,9;reajuste_custo
1505;2025-06-01;2025-12-31;55,9;reposicionamento
1505;2026-01-01;2026-06-30;57,9;reajuste_custo
1505;2026-07-01;;59,9;reajuste_custo
1506;2024-10-01;2025-03-31;220,9;preco_inicial
1506;2025-04-01;2025-09-30;227,9;reajuste_custo
1506;2025-10-01;2026-03-31;234,9;reajuste_custo
1506;2026-04-01;;241,9;reajuste_custo
1507;2024-10-01;2025-03-31;129,9;preco_inicial
1507;2025-04-01;2025-09-30;133,9;reajuste_custo
1507;2025-10-01;2025-12-31;137,9;reajuste_custo
1507;2026-01-01;2026-06-30;140,9;reajuste_custo
1507;2026-07-01;;144,9;reajuste_custo
1508;2024-10-01;2024-12-31;38,9;preco_inicial
1508;2025-01-01;2025-03-31;39,9;reajuste_custo
1508;2025-04-01;2025-09-30;40,9;reajuste_custo
1508;2025-10-01;2026-03-31;41,9;reajuste_custo
1508;2026-04-01;2026-06-30;42,9;reajuste_custo
1508;2026-07-01;;43,9;reajuste_custo
1509;2024-10-01;2025-03-31;110,9;preco_inicial
1509;2025-04-01;2025-09-30;114,9;reajuste_custo
1509;2025-10-01;2026-03-31;117,9;reajuste_custo
1509;2026-04-01;;121,9;reajuste_custo
1510;2024-10-01;2025-03-31;322,9;preco_inicial
1510;2025-04-01;2025-09-30;332,9;reajuste_custo
1510;2025-10-01;2026-03-31;342,9;reajuste_custo
1510;2026-04-01;;353,9;reajuste_custo
1511;2024-10-01;2025-03-31;267,9;preco_inicial
1511;2025-04-01;2025-05-31;276,9;reajuste_custo
1511;2025-06-01;2025-09-30;348,9;reposicionamento
1511;2025-10-01;2026-03-31;355,9;reajuste_custo
1511;2026-04-01;;366,9;reajuste_custo
1512;2024-10-01;2025-03-31;60,9;preco_inicial
1512;2025-04-01;2025-05-31;62,9;reajuste_custo
1512;2025-06-01;2025-12-31;79,9;reposicionamento
1512;2026-01-01;2026-06-30;82,9;reajuste_custo
1512;2026-07-01;;84,9;reajuste_custo
1513;2024-10-01;2025-03-31;344,9;preco_inicial
1513;2025-04-01;2025-09-30;355,9;reajuste_custo
1513;2025-10-01;2026-03-31;366,9;reajuste_custo
1513;2026-04-01;;377,9;reajuste_custo
1514;2024-10-01;2024-12-31;33,9;preco_inicial
1514;2025-01-01;2025-06-30;34,9;reajuste_custo
1514;2025-07-01;2025-12-31;35,9;reajuste_custo
1514;2026-01-01;2026-03-31;36,9;reajuste_custo
1514;2026-04-01;;37,9;reajuste_custo
1515;2024-10-01;2025-03-31;174,9;preco_inicial
1515;2025-04-01;2025-09-30;180,9;reajuste_custo
1515;2025-10-01;2026-03-31;185,9;reajuste_custo
1515;2026-04-01;;191,9;reajuste_custo
1516;2024-10-01;2024-12-31;47,9;preco_inicial
1516;2025-01-01;2025-03-31;48,9;reajuste_custo
1516;2025-04-01;2025-05-31;49,9;reajuste_custo
1516;2025-06-01;2025-12-31;62,9;reposicionamento
1516;2026-01-01;2026-06-30;64,9;reajuste_custo
1516;2026-07-01;;66,9;reajuste_custo
1517;2024-10-01;2024-12-31;98,9;preco_inicial
1517;2025-01-01;2025-05-31;100,9;reajuste_custo
1517;2025-06-01;2025-09-30;128,9;reposicionamento
1517;2025-10-01;2026-03-31;131,9;reajuste_custo
1517;2026-04-01;;135,9;reajuste_custo
1518;2024-10-01;2025-03-31;186,9;preco_inicial
1518;2025-04-01;2025-09-30;192,9;reajuste_custo
1518;2025-10-01;2026-03-31;198,9;reajuste_custo
1518;2026-04-01;;204,9;reajuste_custo
1519;2024-10-01;2025-03-31;115,9;preco_inicial
1519;2025-04-01;2025-09-30;119,9;reajuste_custo
1519;2025-10-01;2026-03-31;123,9;reajuste_custo
1519;2026-04-01;;126,9;reajuste_custo
1520;2024-10-01;2024-12-31;93,9;preco_inicial
1520;2025-01-01;2025-06-30;95,9;reajuste_custo
1520;2025-07-01;2025-12-31;98,9;reajuste_custo
1520;2026-01-01;2026-06-30;101,9;reajuste_custo
1520;2026-07-01;;104,9;reajuste_custo
1521;2024-10-01;2025-03-31;524,9;preco_inicial
1521;2025-04-01;2025-09-30;540,9;reajuste_custo
1521;2025-10-01;2026-03-31;557,9;reajuste_custo
1521;2026-04-01;;574,9;reajuste_custo
1522;2024-10-01;2025-03-31;181,9;preco_inicial
1522;2025-04-01;2025-09-30;187,9;reajuste_custo
1522;2025-10-01;2026-03-31;193,9;reajuste_custo
1522;2026-04-01;;198,9;reajuste_custo
1523;2024-10-01;2025-03-31;103,9;preco_inicial
1523;2025-04-01;2025-09-30;107,9;reajuste_custo
1523;2025-10-01;2026-03-31;110,9;reajuste_custo
1523;2026-04-01;;0,0;reajuste_custo
1524;2024-10-01;2025-03-31;127,9;preco_inicial
1524;2025-04-01;2025-05-31;131,9;reajuste_custo
1524;2025-06-01;2025-12-31;166,9;reposicionamento
1524;2026-01-01;2026-06-30;172,9;reajuste_custo
1524;2026-07-01;;177,9;reajuste_custo
1525;2024-10-01;2025-03-31;59,9;preco_inicial
1525;2025-04-01;2025-09-30;61,9;reajuste_custo
1525;2025-10-01;2026-03-31;63,9;reajuste_custo
1525;2026-04-01;;65,9;reajuste_custo
1526;2024-10-01;2025-03-31;58,9;preco_inicial
1526;2025-04-01;2025-09-30;60,9;reajuste_custo
1526;2025-10-01;2026-03-31;62,9;reajuste_custo
1526;2026-04-01;;64,9;reajuste_custo
1527;2024-10-01;2025-03-31;189,9;preco_inicial
1527;2025-04-01;2025-05-31;195,9;reajuste_custo
1527;2025-06-01;2025-09-30;247,9;reposicionamento
1527;2025-10-01;2026-03-31;252,9;reajuste_custo
1527;2026-04-01;;259,9;reajuste_custo
1528;2024-10-01;2025-03-31;159,9;preco_inicial
1528;2025-04-01;2025-09-30;164,9;reajuste_custo
1528;2025-10-01;2026-03-31;169,9;reajuste_custo
1528;2026-04-01;;174,9;reajuste_custo
1529;2024-10-01;2024-12-31;85,9;preco_inicial
1529;2025-01-01;2025-06-30;87,9;reajuste_custo
1529;2025-07-01;2025-09-30;89,9;reajuste_custo
1529;2025-10-01;2026-03-31;91,9;reajuste_custo
1529;2026-04-01;2026-06-30;93,9;reajuste_custo
1529;2026-07-01;;95,9;reajuste_custo
1530;2024-10-01;2025-03-31;55,9;preco_inicial
1530;2025-04-01;2025-09-30;57,9;reajuste_custo
1530;2025-10-01;2026-03-31;59,9;reajuste_custo
1530;2026-04-01;;61,9;reajuste_custo
1531;2024-10-01;2024-12-31;78,9;preco_inicial
1531;2025-01-01;2025-06-30;80,9;reajuste_custo
1531;2025-07-01;2025-12-31;82,9;reajuste_custo
1531;2026-01-01;2026-06-30;85,9;reajuste_custo
1531;2026-07-01;;87,9;reajuste_custo
1532;2024-10-01;2024-12-31;38,9;preco_inicial
1532;2025-01-01;2025-03-31;39,9;reajuste_custo
1532;2025-04-01;2025-05-31;40,9;reajuste_custo
1532;2025-06-01;2025-09-30;34,9;alinhamento_agressivo
1532;2025-10-01;2026-03-31;35,9;reajuste_custo
1532;2026-04-01;;36,9;reajuste_custo
1533;2024-10-01;2025-03-31;50,9;preco_inicial
1533;2025-04-01;2025-09-30;52,9;reajuste_custo
1533;2025-10-01;2026-06-30;54,9;reajuste_custo
1533;2026-07-01;;56,9;reajuste_custo
1534;2024-10-01;2025-03-31;107,9;preco_inicial
1534;2025-04-01;2025-09-30;111,9;reajuste_custo
1534;2025-10-01;2026-03-31;114,9;reajuste_custo
1534;2026-04-01;;0,0;reajuste_custo
1535;2024-10-01;2025-03-31;59,9;preco_inicial
1535;2025-04-01;2025-09-30;61,9;reajuste_custo
1535;2025-10-01;2026-03-31;63,9;reajuste_custo
1535;2026-04-01;;65,9;reajuste_custo
1536;2024-10-01;2024-12-31;94,9;preco_inicial
1536;2025-01-01;2025-06-30;96,9;reajuste_custo
1536;2025-07-01;2025-12-31;99,9;reajuste_custo
1536;2026-01-01;2026-06-30;102,9;reajuste_custo
1536;2026-07-01;;105,9;reajuste_custo
1537;2024-10-01;2025-03-31;103,9;preco_inicial
1537;2025-04-01;2025-09-30;107,9;reajuste_custo
1537;2025-10-01;2026-03-31;110,9;reajuste_custo
1537;2026-04-01;;113,9;reajuste_custo
1538;2024-10-01;2024-12-31;93,9;preco_inicial
1538;2025-01-01;2025-05-31;95,9;reajuste_custo
1538;2025-06-01;2025-12-31;83,9;alinhamento_agressivo
1538;2026-01-01;2026-06-30;86,9;reajuste_custo
1538;2026-07-01;;88,9;reajuste_custo
1539;2024-10-01;2025-03-31;163,9;preco_inicial
1539;2025-04-01;2025-09-30;168,9;reajuste_custo
1539;2025-10-01;2026-03-31;174,9;reajuste_custo
1539;2026-04-01;;179,9;reajuste_custo
1540;2024-10-01;2025-03-31;377,9;preco_inicial
1540;2025-04-01;2025-09-30;389,9;reajuste_custo
1540;2025-10-01;2026-03-31;401,9;reajuste_custo
1540;2026-04-01;;413,9;reajuste_custo
1541;2024-10-01;2024-12-31;47,9;preco_inicial
1541;2025-01-01;2025-03-31;48,9;reajuste_custo
1541;2025-04-01;2025-06-30;49,9;reajuste_custo
1541;2025-07-01;2026-03-31;50,9;reajuste_custo
1541;2026-04-01;;52,9;reajuste_custo
1542;2024-10-01;2024-12-31;27,9;preco_inicial
1542;2025-01-01;2025-05-31;28,9;reajuste_custo
1542;2025-06-01;2025-09-30;24,9;alinhamento_agressivo
1542;2025-10-01;2026-06-30;25,9;reajuste_custo
1542;2026-07-01;;26,9;reajuste_custo
1543;2024-10-01;2025-03-31;108,9;preco_inicial
1543;2025-04-01;2025-09-30;112,9;reajuste_custo
1543;2025-10-01;2026-03-31;115,9;reajuste_custo
1543;2026-04-01;;119,9;reajuste_custo
1544;2024-10-01;2025-03-31;56,9;preco_inicial
1544;2025-04-01;2025-09-30;58,9;reajuste_custo
1544;2025-10-01;2026-03-31;60,9;reajuste_custo
1544;2026-04-01;;62,9;reajuste_custo
1545;2024-10-01;2024-12-31;96,9;preco_inicial
1545;2025-01-01;2025-06-30;98,9;reajuste_custo
1545;2025-07-01;2025-12-31;101,9;reajuste_custo
1545;2026-01-01;2026-06-30;104,9;reajuste_custo
1545;2026-07-01;;107,9;reajuste_custo
1546;2024-10-01;2025-03-31;127,9;preco_inicial
1546;2025-04-01;2025-09-30;131,9;reajuste_custo
1546;2025-10-01;2026-03-31;135,9;reajuste_custo
1546;2026-04-01;2026-06-30;139,9;reajuste_custo
1546;2026-07-01;;142,9;reajuste_custo
1547;2024-10-01;2024-12-31;21,9;preco_inicial
1547;2025-01-01;2025-09-30;22,9;reajuste_custo
1547;2025-10-01;2026-06-30;23,9;reajuste_custo
1547;2026-07-01;;24,9;reajuste_custo
1548;2024-10-01;2025-03-31;197,9;preco_inicial
1548;2025-04-01;2025-09-30;203,9;reajuste_custo
1548;2025-10-01;2026-03-31;210,9;reajuste_custo
1548;2026-04-01;;216,9;reajuste_custo
1549;2024-10-01;2025-03-31;57,9;preco_inicial
1549;2025-04-01;2025-09-30;59,9;reajuste_custo
1549;2025-10-01;2026-03-31;61,9;reajuste_custo
1549;2026-04-01;;63,9;reajuste_custo
1550;2024-10-01;2025-03-31;62,9;preco_inicial
1550;2025-04-01;2025-09-30;64,9;reajuste_custo
1550;2025-10-01;2026-03-31;66,9;reajuste_custo
1550;2026-04-01;;68,9;reajuste_custo
1551;2024-10-01;2024-12-31;90,9;preco_inicial
1551;2025-01-01;2025-06-30;92,9;reajuste_custo
1551;2025-07-01;2025-12-31;95,9;reajuste_custo
1551;2026-01-01;2026-03-31;97,9;reajuste_custo
1551;2026-04-01;;99,9;reajuste_custo
1552;2024-10-01;2024-12-31;44,9;preco_inicial
1552;2025-01-01;2025-03-31;45,9;reajuste_custo
1552;2025-04-01;2025-09-30;46,9;reajuste_custo
1552;2025-10-01;2025-12-31;47,9;reajuste_custo
1552;2026-01-01;2026-03-31;48,9;reajuste_custo
1552;2026-04-01;;49,9;reajuste_custo
1553;2024-10-01;2025-03-31;66,9;preco_inicial
1553;2025-04-01;2025-09-30;68,9;reajuste_custo
1553;2025-10-01;2026-03-31;71,9;reajuste_custo
1553;2026-04-01;;73,9;reajuste_custo
1554;2024-10-01;2024-12-31;33,9;preco_inicial
1554;2025-01-01;2025-06-30;34,9;reajuste_custo
1554;2025-07-01;2025-12-31;35,9;reajuste_custo
1554;2026-01-01;2026-03-31;36,9;reajuste_custo
1554;2026-04-01;;37,9;reajuste_custo
1555;2024-10-01;2024-12-31;98,9;preco_inicial
1555;2025-01-01;2025-05-31;100,9;reajuste_custo
1555;2025-06-01;2025-09-30;87,9;alinhamento_agressivo
1555;2025-10-01;2026-03-31;89,9;reajuste_custo
1555;2026-04-01;2026-06-30;91,9;reajuste_custo
1555;2026-07-01;;93,9;reajuste_custo
1556;2024-10-01;2025-03-31;213,9;preco_inicial
1556;2025-04-01;2025-09-30;220,9;reajuste_custo
1556;2025-10-01;2026-03-31;227,9;reajuste_custo
1556;2026-04-01;;233,9;reajuste_custo
1557;2024-10-01;2024-12-31;95,9;preco_inicial
1557;2025-01-01;2025-05-31;97,9;reajuste_custo
1557;2025-06-01;2025-09-30;124,9;reposicionamento
1557;2025-10-01;2026-03-31;127,9;reajuste_custo
1557;2026-04-01;;131,9;reajuste_custo
1558;2024-10-01;2025-03-31;68,9;preco_inicial
1558;2025-04-01;2025-06-30;70,9;reajuste_custo
1558;2025-07-01;2025-12-31;72,9;reajuste_custo
1558;2026-01-01;2026-06-30;74,9;reajuste_custo
1558;2026-07-01;;76,9;reajuste_custo
1559;2024-10-01;2024-12-31;23,9;preco_inicial
1559;2025-01-01;2025-09-30;24,9;reajuste_custo
1559;2025-10-01;2026-03-31;25,9;reajuste_custo
1559;2026-04-01;;26,9;reajuste_custo
1560;2024-10-01;2024-12-31;36,9;preco_inicial
1560;2025-01-01;2025-03-31;37,9;reajuste_custo
1560;2025-04-01;2025-09-30;38,9;reajuste_custo
1560;2025-10-01;2026-03-31;39,9;reajuste_custo
1560;2026-04-01;;40,9;reajuste_custo
1561;2024-10-01;2024-12-31;32,9;preco_inicial
1561;2025-01-01;2025-06-30;33,9;reajuste_custo
1561;2025-07-01;2025-12-31;34,9;reajuste_custo
1561;2026-01-01;2026-06-30;35,9;reajuste_custo
1561;2026-07-01;;36,9;reajuste_custo
1562;2024-10-01;2025-03-31;68,9;preco_inicial
1562;2025-04-01;2025-05-31;70,9;reajuste_custo
1562;2025-06-01;2025-09-30;89,9;reposicionamento
1562;2025-10-01;2026-03-31;91,9;reajuste_custo
1562;2026-04-01;;94,9;reajuste_custo
1563;2024-10-01;2024-12-31;16,9;preco_inicial
1563;2025-01-01;2025-12-31;17,9;reajuste_custo
1563;2026-01-01;;18,9;reajuste_custo
1564;2024-10-01;2024-12-31;88,9;preco_inicial
1564;2025-01-01;2025-06-30;90,9;reajuste_custo
1564;2025-07-01;2025-09-30;92,9;reajuste_custo
1564;2025-10-01;2026-03-31;94,9;reajuste_custo
1564;2026-04-01;;97,9;reajuste_custo
1565;2024-10-01;2024-12-31;25,9;preco_inicial
1565;2025-01-01;2025-06-30;26,9;reajuste_custo
1565;2025-07-01;2026-03-31;27,9;reajuste_custo
1565;2026-04-01;;28,9;reajuste_custo
1566;2024-10-01;2024-12-31;27,9;preco_inicial
1566;2025-01-01;2025-06-30;28,9;reajuste_custo
1566;2025-07-01;2025-12-31;29,9;reajuste_custo
1566;2026-01-01;;30,9;reajuste_custo
1567;2024-10-01;2024-12-31;83,9;preco_inicial
1567;2025-01-01;2025-06-30;85,9;reajuste_custo
1567;2025-07-01;2025-09-30;87,9;reajuste_custo
1567;2025-10-01;2026-03-31;89,9;reajuste_custo
1567;2026-04-01;2026-06-30;91,9;reajuste_custo
1567;2026-07-01;;93,9;reajuste_custo
1568;2024-10-01;2024-12-31;27,9;preco_inicial
1568;2025-01-01;2025-05-31;28,9;reajuste_custo
1568;2025-06-01;2025-09-30;24,9;alinhamento_agressivo
1568;2025-10-01;2026-06-30;25,9;reajuste_custo
1568;2026-07-01;;26,9;reajuste_custo
1569;2024-10-01;2024-12-31;89,9;preco_inicial
1569;2025-01-01;2025-06-30;91,9;reajuste_custo
1569;2025-07-01;2025-12-31;94,9;reajuste_custo
1569;2026-01-01;2026-03-31;96,9;reajuste_custo
1569;2026-04-01;;98,9;reajuste_custo
1570;2024-10-01;2025-03-31;55,9;preco_inicial
1570;2025-04-01;2025-09-30;57,9;reajuste_custo
1570;2025-10-01;2026-03-31;59,9;reajuste_custo
1570;2026-04-01;;61,9;reajuste_custo
1571;2024-10-01;2025-03-31;67,9;preco_inicial
1571;2025-04-01;2025-06-30;69,9;reajuste_custo
1571;2025-07-01;2025-12-31;71,9;reajuste_custo
1571;2026-01-01;2026-06-30;73,9;reajuste_custo
1571;2026-07-01;;75,9;reajuste_custo
1572;2024-10-01;2025-03-31;112,9;preco_inicial
1572;2025-04-01;2025-09-30;116,9;reajuste_custo
1572;2025-10-01;2026-03-31;119,9;reajuste_custo
1572;2026-04-01;;123,9;reajuste_custo
1573;2024-10-01;2025-03-31;161,9;preco_inicial
1573;2025-04-01;2025-09-30;166,9;reajuste_custo
1573;2025-10-01;2026-03-31;171,9;reajuste_custo
1573;2026-04-01;;177,9;reajuste_custo
1574;2024-10-01;2024-12-31;45,9;preco_inicial
1574;2025-01-01;2025-03-31;46,9;reajuste_custo
1574;2025-04-01;2025-06-30;47,9;reajuste_custo
1574;2025-07-01;2025-12-31;48,9;reajuste_custo
1574;2026-01-01;2026-03-31;49,9;reajuste_custo
1574;2026-04-01;;50,9;reajuste_custo
1575;2024-10-01;2024-12-31;85,9;preco_inicial
1575;2025-01-01;2025-05-31;87,9;reajuste_custo
1575;2025-06-01;2025-09-30;111,9;reposicionamento
1575;2025-10-01;2026-03-31;114,9;reajuste_custo
1575;2026-04-01;;117,9;reajuste_custo
1576;2024-10-01;2025-03-31;52,9;preco_inicial
1576;2025-04-01;2025-09-30;54,9;reajuste_custo
1576;2025-10-01;2026-06-30;56,9;reajuste_custo
1576;2026-07-01;;58,9;reajuste_custo
1577;2024-10-01;2024-12-31;41,9;preco_inicial
1577;2025-01-01;2025-03-31;42,9;reajuste_custo
1577;2025-04-01;2025-09-30;43,9;reajuste_custo
1577;2025-10-01;2025-12-31;44,9;reajuste_custo
1577;2026-01-01;2026-06-30;45,9;reajuste_custo
1577;2026-07-01;;46,9;reajuste_custo
1578;2024-10-01;2025-03-31;126,9;preco_inicial
1578;2025-04-01;2025-09-30;130,9;reajuste_custo
1578;2025-10-01;2026-03-31;134,9;reajuste_custo
1578;2026-04-01;;138,9;reajuste_custo
1579;2024-10-01;2025-03-31;292,9;preco_inicial
1579;2025-04-01;2025-09-30;301,9;reajuste_custo
1579;2025-10-01;2026-03-31;310,9;reajuste_custo
1579;2026-04-01;;320,9;reajuste_custo
1580;2024-10-01;2024-12-31;88,9;preco_inicial
1580;2025-01-01;2025-06-30;90,9;reajuste_custo
1580;2025-07-01;2025-09-30;92,9;reajuste_custo
1580;2025-10-01;2026-03-31;94,9;reajuste_custo
1580;2026-04-01;;97,9;reajuste_custo
1581;2024-10-01;2025-03-31;122,9;preco_inicial
1581;2025-04-01;2025-09-30;126,9;reajuste_custo
1581;2025-10-01;2026-03-31;130,9;reajuste_custo
1581;2026-04-01;;134,9;reajuste_custo
1582;2024-10-01;2024-12-31;38,9;preco_inicial
1582;2025-01-01;2025-03-31;39,9;reajuste_custo
1582;2025-04-01;2025-09-30;40,9;reajuste_custo
1582;2025-10-01;2026-03-31;41,9;reajuste_custo
1582;2026-04-01;2026-06-30;42,9;reajuste_custo
1582;2026-07-01;;43,9;reajuste_custo
1583;2024-10-01;2025-03-31;54,9;preco_inicial
1583;2025-04-01;2025-09-30;56,9;reajuste_custo
1583;2025-10-01;2026-03-31;58,9;reajuste_custo
1583;2026-04-01;;60,9;reajuste_custo
1584;2024-10-01;2024-12-31;45,9;preco_inicial
1584;2025-01-01;2025-03-31;46,9;reajuste_custo
1584;2025-04-01;2025-06-30;47,9;reajuste_custo
1584;2025-07-01;2025-12-31;48,9;reajuste_custo
1584;2026-01-01;2026-03-31;49,9;reajuste_custo
1584;2026-04-01;;50,9;reajuste_custo
1585;2024-10-01;2025-03-31;63,9;preco_inicial
1585;2025-04-01;2025-09-30;65,9;reajuste_custo
1585;2025-10-01;2026-03-31;67,9;reajuste_custo
1585;2026-04-01;;69,9;reajuste_custo
1586;2024-10-01;2024-12-31;86,9;preco_inicial
1586;2025-01-01;2025-06-30;88,9;reajuste_custo
1586;2025-07-01;2025-09-30;90,9;reajuste_custo
1586;2025-10-01;2026-03-31;92,9;reajuste_custo
1586;2026-04-01;;95,9;reajuste_custo
1587;2024-10-01;2025-03-31;66,9;preco_inicial
1587;2025-04-01;2025-09-30;68,9;reajuste_custo
1587;2025-10-01;2026-03-31;71,9;reajuste_custo
1587;2026-04-01;;73,9;reajuste_custo
1588;2024-10-01;2024-12-31;42,9;preco_inicial
1588;2025-01-01;2025-03-31;43,9;reajuste_custo
1588;2025-04-01;2025-05-31;44,9;reajuste_custo
1588;2025-06-01;2025-12-31;55,9;reposicionamento
1588;2026-01-01;2026-06-30;57,9;reajuste_custo
1588;2026-07-01;;59,9;reajuste_custo
1589;2024-10-01;2025-03-31;152,9;preco_inicial
1589;2025-04-01;2025-09-30;157,9;reajuste_custo
1589;2025-10-01;2026-03-31;162,9;reajuste_custo
1589;2026-04-01;;167,9;reajuste_custo
1590;2024-10-01;2024-12-31;143,9;preco_inicial
1590;2025-01-01;2025-06-30;146,9;reajuste_custo
1590;2025-07-01;2025-12-31;150,9;reajuste_custo
1590;2026-01-01;2026-06-30;155,9;reajuste_custo
1590;2026-07-01;;159,9;reajuste_custo
1591;2024-10-01;2024-12-31;24,9;preco_inicial
1591;2025-01-01;2025-06-30;25,9;reajuste_custo
1591;2025-07-01;2026-03-31;26,9;reajuste_custo
1591;2026-04-01;;27,9;reajuste_custo
1592;2024-10-01;2024-12-31;87,9;preco_inicial
1592;2025-01-01;2025-06-30;89,9;reajuste_custo
1592;2025-07-01;2025-09-30;91,9;reajuste_custo
1592;2025-10-01;2026-03-31;93,9;reajuste_custo
1592;2026-04-01;;96,9;reajuste_custo
1593;2024-10-01;2024-12-31;74,9;preco_inicial
1593;2025-01-01;2025-05-31;76,9;reajuste_custo
1593;2025-06-01;2025-09-30;97,9;reposicionamento
1593;2025-10-01;2026-03-31;99,9;reajuste_custo
1593;2026-04-01;;102,9;reajuste_custo
1594;2024-10-01;2025-03-31;169,9;preco_inicial
1594;2025-04-01;2025-09-30;175,9;reajuste_custo
1594;2025-10-01;2026-03-31;180,9;reajuste_custo
1594;2026-04-01;;185,9;reajuste_custo
1595;2024-10-01;2025-03-31;51,9;preco_inicial
1595;2025-04-01;2025-05-31;53,9;reajuste_custo
1595;2025-06-01;2025-06-30;45,9;alinhamento_agressivo
1595;2025-07-01;2025-12-31;46,9;reajuste_custo
1595;2026-01-01;2026-03-31;47,9;reajuste_custo
1595;2026-04-01;;48,9;reajuste_custo
1596;2024-10-01;2024-12-31;39,9;preco_inicial
1596;2025-01-01;2025-03-31;40,9;reajuste_custo
1596;2025-04-01;2025-05-31;41,9;reajuste_custo
1596;2025-06-01;2025-09-30;35,9;alinhamento_agressivo
1596;2025-10-01;2026-03-31;36,9;reajuste_custo
1596;2026-04-01;;37,9;reajuste_custo
1597;2024-10-01;2024-12-31;41,9;preco_inicial
1597;2025-01-01;2025-03-31;42,9;reajuste_custo
1597;2025-04-01;2025-09-30;43,9;reajuste_custo
1597;2025-10-01;2025-12-31;44,9;reajuste_custo
1597;2026-01-01;2026-06-30;45,9;reajuste_custo
1597;2026-07-01;;46,9;reajuste_custo
1598;2024-10-01;2025-03-31;162,9;preco_inicial
1598;2025-04-01;2025-09-30;167,9;reajuste_custo
1598;2025-10-01;2026-03-31;172,9;reajuste_custo
1598;2026-04-01;;178,9;reajuste_custo
1599;2024-10-01;2024-12-31;81,9;preco_inicial
1599;2025-01-01;2025-05-31;83,9;reajuste_custo
1599;2025-06-01;2025-12-31;106,9;reposicionamento
1599;2026-01-01;2026-06-30;110,9;reajuste_custo
1599;2026-07-01;;113,9;reajuste_custo
1600;2024-10-01;2024-12-31;24,9;preco_inicial
1600;2025-01-01;2025-06-30;25,9;reajuste_custo
1600;2025-07-01;2026-03-31;26,9;reajuste_custo
1600;2026-04-01;;27,9;reajuste_custo
